title,price,sku,description,sizes,colors,images,type,product_link
Diners Men'S Round Neck T-Shirt,"Rs.1,267.50",NA899-RED,"Shirt Type: Casual T-Shirt
Sleeves: Half Sleeves","S,M,L,XL",No colors,"https://cdn.shopify.com/s/files/1/2219/4051/products/NA899-RED-RS-1690-01_compact.jpg?v=1662380768,https://cdn.shopify.com/s/files/1/2219/4051/products/NA899-RED-RS-1690-02_compact.jpg?v=1662380768,https://cdn.shopify.com/s/files/1/2219/4051/products/NA899-RED-RS-1690-03_compact.jpg?v=1662380768",t-shirt,https://diners.com.pk/collections/t-shirts/products/diners-mens-round-neck-t-shirt-2
Diners Men'S Polo T-Shirt,"Rs.1,646.25",NA827-PLUM(2;3;B)(2;2;C),"Shirt Type: Casual T-Shirt
Sleeves: Half Sleeves
Collars Type: Polo Collar","S,M,L,XL,PLUM","S,M,L,XL,XXL,XXXL,PLUM","https://cdn.shopify.com/s/files/1/2219/4051/products/NA827-PLUM-RS-2195-01_compact.jpg?v=1660981188,https://cdn.shopify.com/s/files/1/2219/4051/products/NA827-PLUM-RS-2195-02_compact.jpg?v=1660981188,https://cdn.shopify.com/s/files/1/2219/4051/products/NA827-PLUM-RS-2195-03_compact.jpg?v=1660981189",t-shirt,https://diners.com.pk/collections/t-shirts/products/diners-mens-polo-t-shirt-27
Diners Men'S Polo T-Shirt SKU: NA892-L-PINK,"Rs.3,742.50",NA892-L-PINK(6;6;A)(6;1;B),"Shirt Type: Casual T-Shirt
Sleeves: Half Sleeves
Collars Type: Polo Collar","S,M,L,XL,XXL,XXXL,L-PINK","S,M,L,XL,XXL,XXXL,L-PINK","https://cdn.shopify.com/s/files/1/2219/4051/products/NA892-L-Pink-Rs-4990-01_compact.jpg?v=1655473472,https://cdn.shopify.com/s/files/1/2219/4051/products/NA892-L-Pink-Rs-4990-02_compact.jpg?v=1655473472,https://cdn.shopify.com/s/files/1/2219/4051/products/NA892-L-Pink-Rs-4990-03_compact.jpg?v=1655473471",t-shirt,https://diners.com.pk/collections/t-shirts/products/diners-mens-polo-t-shirt-sku-na892-l-pink
Diners Men'S Round Neck T-Shirt SKU: NA870-WHITE,"Rs.1,267.50",NA870-WHITE(4;5;C),"Shirt Type: Casual T-Shirt
Sleeves: Half Sleeves","S,M,L,XL",No colors,"https://cdn.shopify.com/s/files/1/2219/4051/products/NA870-WHITE-RS-1690-01_compact.jpg?v=1652709367,https://cdn.shopify.com/s/files/1/2219/4051/products/NA870-WHITE-RS-1690-02_compact.jpg?v=1652709367,https://cdn.shopify.com/s/files/1/2219/4051/products/NA870-WHITE-RS-1690-03_compact.jpg?v=1652709367",t-shirt,https://diners.com.pk/collections/t-shirts/products/diners-mens-round-neck-t-shirt-sku-na870-white
Diners Men'S Polo T-Shirt,"Rs.3,667.50",NA888-TEAL(5;3;C),"Shirt Type: Casual T-Shirt
Sleeves: Half Sleeves
Collars Type: Polo Collar","S,M,L,XL,XXL,XXXL,TEAL","S,M,L,XL,XXL,XXXL,TEAL","https://cdn.shopify.com/s/files/1/2219/4051/products/NA888-TEAL-RTL-4890-01_compact.jpg?v=1657004674,https://cdn.shopify.com/s/files/1/2219/4051/products/NA888-TEAL-RTL-4890-02_compact.jpg?v=1657004674",t-shirt,https://diners.com.pk/collections/t-shirts/products/diners-mens-polo-t-shirt-2
Diners Men'S Polo T-Shirt,"Rs.2,167.50",NA835-BROWN,"Shirt Type: Casual T-Shirt
Sleeves: Half Sleeves
Collars Type: Polo Collar","S,M,L,XL,BROWN","S,M,L,XL,XXL,XXXL,BROWN","https://cdn.shopify.com/s/files/1/2219/4051/products/NA835-BROWN-RS-2890-01_compact.jpg?v=1661603707,https://cdn.shopify.com/s/files/1/2219/4051/products/NA835-BROWN-RS-2890-02_compact.jpg?v=1661603706,https://cdn.shopify.com/s/files/1/2219/4051/products/NA835-BROWN-RS-2890-03_compact.jpg?v=1661603706",t-shirt,https://diners.com.pk/collections/t-shirts/products/diners-mens-polo-t-shirt-38
Diners Men'S Polo T-Shirt SKU: NA887-GREY,"Rs.3,667.50",NA887-GREY(5;5;B),"Shirt Type: Casual T-Shirt
Sleeves: Half Sleeves
Collars Type: Polo Collar","S,M,L,XL,XXL,XXXL,GREY","S,M,L,XL,XXL,XXXL,GREY","https://cdn.shopify.com/s/files/1/2219/4051/products/NA887-Grey-Rs-4890-01_compact.jpg?v=1654350914,https://cdn.shopify.com/s/files/1/2219/4051/products/NA887-Grey-Rs-4890-02_compact.jpg?v=1654350914,https://cdn.shopify.com/s/files/1/2219/4051/products/NA887-Grey-Rs-4890-03_compact.jpg?v=1654350914",t-shirt,https://diners.com.pk/collections/t-shirts/products/diners-mens-polo-t-shirt-sku-na887-grey
Diners Men'S Polo T-Shirt,"Rs.1,646.25",NA828-NAVY(3;5;C)(3;6;C),"Shirt Type: Casual T-Shirt
Sleeves: Half Sleeves
Collars Type: Polo Collar","S,M,NAVY","S,M,L,XL,XXL,XXXL,NAVY","https://cdn.shopify.com/s/files/1/2219/4051/products/NA828-Navy-Rs-2195-01_compact.jpg?v=1659014070,https://cdn.shopify.com/s/files/1/2219/4051/products/NA828-Navy-Rs-2195-02_compact.jpg?v=1659014071,https://cdn.shopify.com/s/files/1/2219/4051/products/NA828-Navy-Rs-2195-03_compact.jpg?v=1659014070",t-shirt,https://diners.com.pk/collections/t-shirts/products/diners-mens-polo-t-shirt-20
Diners Men'S Polo T-Shirt SKU: NA895-GREY,"Rs.3,742.50",NA895-GREY(6;1;D)(6;5;C)(6;6;C),"Shirt Type: Casual T-Shirt
Sleeves: Half Sleeves
Collars Type: Polo Collar","S,M,L,XL,XXL,XXXL,GREY","S,M,L,XL,XXL,XXXL,GREY","https://cdn.shopify.com/s/files/1/2219/4051/products/NA895-Grey-Rs-4990-01_compact.jpg?v=1655473802,https://cdn.shopify.com/s/files/1/2219/4051/products/NA895-Grey-Rs-4990-02_compact.jpg?v=1655473802,https://cdn.shopify.com/s/files/1/2219/4051/products/NA895-Grey-Rs-4990-03_compact.jpg?v=1655473802",t-shirt,https://diners.com.pk/collections/t-shirts/products/diners-mens-polo-t-shirt-sku-na895-grey
Diners Men'S Polo T-Shirt SKU: NA896-AQUA,"Rs.3,742.50",NA896-AQUA(7;1;A)(7;2;A),"Shirt Type: Casual T-Shirt
Sleeves: Half Sleeves
Collars Type: Polo Collar","S,M,L,XL,XXL,XXXL,AQUA","S,M,L,XL,XXL,XXXL,AQUA","https://cdn.shopify.com/s/files/1/2219/4051/products/NA896-Aqua-Rs-4990-01_compact.jpg?v=1655474033,https://cdn.shopify.com/s/files/1/2219/4051/products/NA896-Aqua-Rs-4990-02_compact.jpg?v=1655474032,https://cdn.shopify.com/s/files/1/2219/4051/products/NA896-Aqua-Rs-4990-03_compact.jpg?v=1655474033",t-shirt,https://diners.com.pk/collections/t-shirts/products/diners-mens-polo-t-shirt-sku-na896-aqua
Diners Men'S Polo T-Shirt SKU: NA896-ORANGE,"Rs.3,742.50",NA896-ORANGE(7;3;A)(7;4;A),"Shirt Type: Casual T-Shirt
Sleeves: Half Sleeves
Collars Type: Polo Collar","S,M,L,XL,XXL,XXXL,ORANGE","S,M,L,XL,XXL,XXXL,ORANGE","https://cdn.shopify.com/s/files/1/2219/4051/products/NA896-Orange-Rs-4990-01_compact.jpg?v=1655474135,https://cdn.shopify.com/s/files/1/2219/4051/products/NA896-Orange-Rs-4990-02_compact.jpg?v=1655474135,https://cdn.shopify.com/s/files/1/2219/4051/products/NA896-Orange-Rs-4990-03_compact.jpg?v=1655474136",t-shirt,https://diners.com.pk/collections/t-shirts/products/diners-mens-polo-t-shirt-sku-na896-orange
Diners Men'S Polo T-Shirt SKU: NA884-L-BLUE,"Rs.3,667.50",NA884-L-BLUE(5;1;A),"Shirt Type: Casual T-Shirt
Sleeves: Half Sleeves
Collars Type: Polo Collar","S,M,L,XL,XXL,L-BLUE","S,M,L,XL,XXL,XXXL,L-BLUE","https://cdn.shopify.com/s/files/1/2219/4051/products/NA884-L-Blue-Rs-4890-01_compact.jpg?v=1654261372,https://cdn.shopify.com/s/files/1/2219/4051/products/NA884-L-Blue-Rs-4890-02_compact.jpg?v=1654261372,https://cdn.shopify.com/s/files/1/2219/4051/products/NA884-L-Blue-Rs-4890-03_compact.jpg?v=1654261372",t-shirt,https://diners.com.pk/collections/t-shirts/products/diners-mens-polo-t-shirt-sku-na884-l-blue
Diners Men'S Polo T-Shirt,"Rs.3,742.50",NA922-R-BLUE(1;4;A),"Shirt Type: Casual T-Shirt
Sleeves: Half Sleeves
Collars Type: Polo Collar","S,M,XL,XXXL,R-BLUE","S,M,L,XL,XXL,XXXL,R-BLUE","https://cdn.shopify.com/s/files/1/2219/4051/products/NA922-R-Blue-Rs-4990-01_compact.jpg?v=1658325453,https://cdn.shopify.com/s/files/1/2219/4051/products/NA922-R-Blue-Rs-4990-02_compact.jpg?v=1658325453,https://cdn.shopify.com/s/files/1/2219/4051/products/NA922-R-Blue-Rs-4990-03_compact.jpg?v=1658325451",t-shirt,https://diners.com.pk/collections/t-shirts/products/diners-mens-polo-t-shirt-12
Diners Men'S Round Neck T-Shirt,"Rs.1,267.50",NA820-N-BLUE(1;5;C),"Shirt Type: Casual T-Shirt
Sleeves: Half Sleeves","S,M,L,XL,XXL",No colors,"https://cdn.shopify.com/s/files/1/2219/4051/products/NA820-N-Blue-Rs-1690-01_compact.jpg?v=1658326333,https://cdn.shopify.com/s/files/1/2219/4051/products/NA820-N-Blue-Rs-1690-02_compact.jpg?v=1658326333,https://cdn.shopify.com/s/files/1/2219/4051/products/NA820-N-Blue-Rs-1690-03_compact.jpg?v=1658326333",t-shirt,https://diners.com.pk/collections/t-shirts/products/diners-mens-round-neck-t-shirt
Diners Men'S Polo T-Shirt SKU: NA897-L-BLUE,"Rs.3,742.50",NA897-L-BLUE(7;5;A),"Shirt Type: Casual T-Shirt
Sleeves: Half Sleeves
Collars Type: Polo Collar","S,M,L,XL,XXL,XXXL,L-BLUE","S,M,L,XL,XXL,XXXL,L-BLUE","https://cdn.shopify.com/s/files/1/2219/4051/products/NA897-L-Blue-Rs-4990-01_compact.jpg?v=1655474255,https://cdn.shopify.com/s/files/1/2219/4051/products/NA897-L-Blue-Rs-4990-02_compact.jpg?v=1655474256,https://cdn.shopify.com/s/files/1/2219/4051/products/NA897-L-Blue-Rs-4990-03_compact.jpg?v=1655474256",t-shirt,https://diners.com.pk/collections/t-shirts/products/diners-mens-polo-t-shirt-sku-na897-l-blue
Diners Men'S Polo T-Shirt,"Rs.3,742.50",NA922-RED(1;5;A),"Shirt Type: Casual T-Shirt
Sleeves: Half Sleeves
Collars Type: Polo Collar","S,M,L,XL,RED","S,M,L,XL,XXL,XXXL,RED","https://cdn.shopify.com/s/files/1/2219/4051/products/NA922-Red-Rs-4990-01_compact.jpg?v=1658325525,https://cdn.shopify.com/s/files/1/2219/4051/products/NA922-Red-Rs-4990-02_compact.jpg?v=1658325524,https://cdn.shopify.com/s/files/1/2219/4051/products/NA922-Red-Rs-4990-03_compact.jpg?v=1658325525",t-shirt,https://diners.com.pk/collections/t-shirts/products/diners-mens-polo-t-shirt-13
Diners Men'S Polo T-Shirt SKU: NA880-FAWN,"Rs.3,742.50",NA880-FAWN(4;1;D)(4;2;D)(4;3;D)(4;4;D)(4;5;D),"Shirt Type: Casual T-Shirt
Sleeves: Half Sleeves
Collars Type: Polo Collar","S,M,L,XL,FAWN","S,M,L,XL,XXL,XXXL,FAWN","https://cdn.shopify.com/s/files/1/2219/4051/products/NA880-FAWN-01_compact.jpg?v=1654512989,https://cdn.shopify.com/s/files/1/2219/4051/products/NA880-FAWN-02_compact.jpg?v=1654512989,https://cdn.shopify.com/s/files/1/2219/4051/products/NA880-FAWN-03_compact.jpg?v=1654512989",t-shirt,https://diners.com.pk/collections/t-shirts/products/diners-mens-polo-t-shirt-sku-na880-fawn
Diners Men'S Polo T-Shirt SKU: NA888-RED,"Rs.3,667.50",NA888-RED(5;2;C),"Shirt Type: Casual T-Shirt
Sleeves: Half Sleeves
Collars Type: Polo Collar","S,M,L,XL,XXL,XXXL,RED","S,M,L,XL,XXL,XXXL,RED","https://cdn.shopify.com/s/files/1/2219/4051/products/NA888-Red-Rs-4890-01_compact.jpg?v=1654351183,https://cdn.shopify.com/s/files/1/2219/4051/products/NA888-Red-Rs-4890-02_compact.jpg?v=1654351183,https://cdn.shopify.com/s/files/1/2219/4051/products/NA888-Red-Rs-4890-03_compact.jpg?v=1654351183",t-shirt,https://diners.com.pk/collections/t-shirts/products/diners-mens-polo-t-shirt-sku-na888-red
Diners Men'S Polo T-Shirt SKU: NA829-BLUE,"Rs.1,646.25",NA829-BLUE(3;1;A)(3;2;A)(3;3;A)(2;6;C),"Shirt Type: Casual T-Shirt
Sleeves: Half Sleeves
Collars Type: Polo Collar","S,M,XXXL,BLUE","S,M,L,XL,XXL,XXXL,BLUE","https://cdn.shopify.com/s/files/1/2219/4051/products/NA829-BLUE-RS-2195-01_compact.jpg?v=1653914119,https://cdn.shopify.com/s/files/1/2219/4051/products/NA829-BLUE-RS-2195-02_compact.jpg?v=1653914119,https://cdn.shopify.com/s/files/1/2219/4051/products/NA829-BLUE-RS-2195-03_compact.jpg?v=1653914119",t-shirt,https://diners.com.pk/collections/t-shirts/products/diners-mens-polo-t-shirt-sku-na829-blue
Diners Men'S Round Neck T-Shirt,"Rs.1,267.50",NA915-OFFWHITE,"Shirt Type: Casual T-Shirt
Sleeves: Half Sleeves","S,M,L,XL",No colors,"https://cdn.shopify.com/s/files/1/2219/4051/products/NA-915-OFFWHITE-RS-1690-01_compact.jpg?v=1662382036,https://cdn.shopify.com/s/files/1/2219/4051/products/NA-915-OFFWHITE-RS-1690-02_compact.jpg?v=1662382037,https://cdn.shopify.com/s/files/1/2219/4051/products/NA-915-OFFWHITE-RS-1690-03_compact.jpg?v=1662382037",t-shirt,https://diners.com.pk/collections/t-shirts/products/diners-mens-round-neck-t-shirt-8
Diners Men'S Round Neck T-Shirt,"Rs.1,267.50",NA814-L-PINK,"Shirt Type: Casual T-Shirt
Sleeves: Half Sleeves","S,M,L,XL,L-PINK","S,M,L,XL,XXL,L-PINK","https://cdn.shopify.com/s/files/1/2219/4051/products/NA814-L-PINK-RS-1690-01_compact.jpg?v=1661602722,https://cdn.shopify.com/s/files/1/2219/4051/products/NA814-L-PINK-RS-1690-02_compact.jpg?v=1661602722,https://cdn.shopify.com/s/files/1/2219/4051/products/NA814-L-PINK-RS-1690-06_compact.jpg?v=1661602722",t-shirt,https://diners.com.pk/collections/t-shirts/products/diners-mens-round-neck-t-shirt-1
Diners Men'S Polo T-Shirt SKU: NA893-L-GREEN,"Rs.3,742.50",NA893-L-GREEN(6;5;B)(6;6;B)(6;1;C),"Shirt Type: Casual T-Shirt
Sleeves: Half Sleeves
Collars Type: Polo Collar","S,M,L,XL,XXL,XXXL,L-GREEN","S,M,L,XL,XXL,XXXL,L-GREEN","https://cdn.shopify.com/s/files/1/2219/4051/products/NA893-L-Green-Rs-4990-01_compact.jpg?v=1655539253,https://cdn.shopify.com/s/files/1/2219/4051/products/NA893-L-Green-Rs-4990-02_compact.jpg?v=1655539253,https://cdn.shopify.com/s/files/1/2219/4051/products/NA893-L-Green-Rs-4990-03_compact.jpg?v=1655539253",t-shirt,https://diners.com.pk/collections/t-shirts/products/diners-mens-polo-t-shirt-sku-na893-l-green
Diners Men'S Polo T-Shirt SKU: NA889-WHITE,"Rs.3,667.50",NA889-WHITE(5;3;D)(5;4;D),"Shirt Type: Casual T-Shirt
Sleeves: Half Sleeves
Collars Type: Polo Collar","S,M,L,XL,XXXL,WHITE","S,M,L,XL,XXL,XXXL,WHITE","https://cdn.shopify.com/s/files/1/2219/4051/products/NA889-White-Rs-4890-01_compact.jpg?v=1654261683,https://cdn.shopify.com/s/files/1/2219/4051/products/NA889-White-Rs-4890-02_compact.jpg?v=1654261683,https://cdn.shopify.com/s/files/1/2219/4051/products/NA889-White-Rs-4890-03_compact.jpg?v=1654261683",t-shirt,https://diners.com.pk/collections/t-shirts/products/diners-mens-polo-t-shirt-sku-na889-white
Diners Men'S Round Neck T-Shirt SKU: NA859-WHITE,"Rs.1,267.50",NA859-WHITE(4;1;B),"Shirt Type: Casual T-Shirt
Sleeves: Half Sleeves","M,XL",No colors,"https://cdn.shopify.com/s/files/1/2219/4051/products/NA859-WHITE-RS-1690-01_compact.jpg?v=1650112498,https://cdn.shopify.com/s/files/1/2219/4051/products/NA859-WHITE-RS-1690-02_compact.jpg?v=1650112499,https://cdn.shopify.com/s/files/1/2219/4051/products/NA859-WHITE-RS-1690-03_compact.jpg?v=1650112499",t-shirt,https://diners.com.pk/collections/t-shirts/products/diners-mens-round-neck-t-shirt-sku-na859-white
Diners Men'S Polo T-Shirt SKU: NA886-BLACK,"Rs.3,667.50",NA886-BLACK(5;4;B),"Shirt Type: Casual T-Shirt
Sleeves: Half Sleeves
Collars Type: Polo Collar","S,M,L,XL,XXXL,BLACK","S,M,L,XL,XXL,XXXL,BLACK","https://cdn.shopify.com/s/files/1/2219/4051/products/NA886-Black-Rs-4890-01_compact.jpg?v=1654261453,https://cdn.shopify.com/s/files/1/2219/4051/products/NA886-Black-Rs-4890-02_compact.jpg?v=1654261453,https://cdn.shopify.com/s/files/1/2219/4051/products/NA886-Black-Rs-4890-03_compact.jpg?v=1654261453",t-shirt,https://diners.com.pk/collections/t-shirts/products/diners-mens-polo-t-shirt-sku-na886-black
Diners Men'S Polo T-Shirt SKU: NA880-L-BLUE,"Rs.3,742.50",NA880-L-BLUE(4;6;D)(5;1;A)(5;2;A),"Shirt Type: Casual T-Shirt
Sleeves: Half Sleeves
Collars Type: Polo Collar","S,M,L,XL,XXL,XXXL,L-BLUE","S,M,L,XL,XXL,XXXL,L-BLUE","https://cdn.shopify.com/s/files/1/2219/4051/products/NA880-L-BLUE-01_compact.jpg?v=1654513134,https://cdn.shopify.com/s/files/1/2219/4051/products/NA880-L-BLUE-02_compact.jpg?v=1654513135,https://cdn.shopify.com/s/files/1/2219/4051/products/NA880-L-BLUE-03_compact.jpg?v=1654513134",t-shirt,https://diners.com.pk/collections/t-shirts/products/diners-mens-polo-t-shirt-sku-na880-l-blue
Diners Men'S Polo T-Shirt,"Rs.3,742.50",NA923-BROWN(1;2;B),"Shirt Type: Casual T-Shirt
Sleeves: Half Sleeves
Collars Type: Polo Collar","S,M,L,XXXL,BROWN","S,M,L,XL,XXL,XXXL,BROWN","https://cdn.shopify.com/s/files/1/2219/4051/products/NA923-Brown-Rs-4990-01_compact.jpg?v=1659016423,https://cdn.shopify.com/s/files/1/2219/4051/products/NA923-Brown-Rs-4990-02_compact.jpg?v=1659016423,https://cdn.shopify.com/s/files/1/2219/4051/products/NA923-Brown-Rs-4990-03_compact.jpg?v=1659016423",t-shirt,https://diners.com.pk/collections/t-shirts/products/diners-mens-polo-t-shirt-26
Diners Men'S Polo T-Shirt SKU: NA882-N-BLUE,"Rs.3,667.50",NA882-N-BLUE(5;4;A),"Shirt Type: Casual T-Shirt
Sleeves: Half Sleeves
Collars Type: Polo Collar","M,XL,XXXL,N-BLUE","S,M,L,XL,XXL,XXXL,N-BLUE","https://cdn.shopify.com/s/files/1/2219/4051/products/NA882-N-Blue-Rs-4890-01_compact.jpg?v=1654261213,https://cdn.shopify.com/s/files/1/2219/4051/products/NA882-N-Blue-Rs-4890-02_compact.jpg?v=1654261212,https://cdn.shopify.com/s/files/1/2219/4051/products/NA882-N-Blue-Rs-4890-03_compact.jpg?v=1654261212",t-shirt,https://diners.com.pk/collections/t-shirts/products/diners-mens-polo-t-shirt-sku-na882-n-blue
Diners Men'S Polo T-Shirt,"Rs.3,742.50",NA924-WHITE,"Shirt Type: Casual T-Shirt
Sleeves: Half Sleeves
Collars Type: Polo Collar","S,M,L,XXL,WHITE","S,M,L,XL,XXL,XXXL,WHITE","https://cdn.shopify.com/s/files/1/2219/4051/products/NA924-White-Rs-4990-01_compact.jpg?v=1658325802,https://cdn.shopify.com/s/files/1/2219/4051/products/NA924-White-Rs-4990-02_compact.jpg?v=1658325783,https://cdn.shopify.com/s/files/1/2219/4051/products/NA924-White-Rs-4990-03_compact.jpg?v=1658325783",t-shirt,https://diners.com.pk/collections/t-shirts/products/diners-mens-polo-t-shirt-16
Diners Men'S Polo T-Shirt,"Rs.2,890.00",NA842-BLACK(2;1;B)(2;2;B),"Shirt Type: Casual T-Shirt
Sleeves: Half Sleeves
Collars Type: Polo Collar","M,L,XXL,BLACK","S,M,L,XL,XXL,XXXL,BLACK","https://cdn.shopify.com/s/files/1/2219/4051/products/NA842-BLACK-RS-2890-01_compact.jpg?v=1660982357,https://cdn.shopify.com/s/files/1/2219/4051/products/NA842-BLACK-RS-2890-02_compact.jpg?v=1660982357,https://cdn.shopify.com/s/files/1/2219/4051/products/NA842-BLACK-RS-2890-03_compact.jpg?v=1660982357",t-shirt,https://diners.com.pk/collections/t-shirts/products/diners-mens-polo-t-shirt-31
Diners Men'S Polo T-Shirt,"Rs.2,242.50",NA866-MINT,"Shirt Type: Casual T-Shirt
Sleeves: Half Sleeves
Collars Type: Polo Collar","S,M,L,MINT","S,M,L,XL,XXL,XXXL,MINT","https://cdn.shopify.com/s/files/1/2219/4051/products/NA866-MINT-RS-2990-01_compact.jpg?v=1661604270,https://cdn.shopify.com/s/files/1/2219/4051/products/NA866-MINT-RS-2990-02_compact.jpg?v=1661604269,https://cdn.shopify.com/s/files/1/2219/4051/products/NA866-MINT-RS-2990-03_compact.jpg?v=1661604269",t-shirt,https://diners.com.pk/collections/t-shirts/products/diners-mens-polo-t-shirt-41
Diners Men'S Polo T-Shirt,"Rs.3,742.50",NA917-BLUE,"Shirt Type: Casual T-Shirt
Sleeves: Half Sleeves
Collars Type: Polo Collar","S,M,L,XL,XXL,BLUE","S,M,L,XL,XXL,XXXL,BLUE","https://cdn.shopify.com/s/files/1/2219/4051/products/NA917-Blue-Rs-4990-01_compact.jpg?v=1658407492,https://cdn.shopify.com/s/files/1/2219/4051/products/NA917-Blue-Rs-4990-02_compact.jpg?v=1658407486,https://cdn.shopify.com/s/files/1/2219/4051/products/NA917-Blue-Rs-4990-03_compact.jpg?v=1658407486",t-shirt,https://diners.com.pk/collections/t-shirts/products/diners-mens-polo-t-shirt-18
Diners Men'S Round Neck T-Shirt SKU: NA857-LEMON,"Rs.1,042.50",NA857-LEMON(4;2;A),"Shirt Type: Casual T-Shirt
Sleeves: Half Sleeves","M,L,XL",No colors,"https://cdn.shopify.com/s/files/1/2219/4051/products/NA857-LEMON-RS-1390-01_compact.jpg?v=1648301697,https://cdn.shopify.com/s/files/1/2219/4051/products/NA857-LEMON-RS-1390-02_compact.jpg?v=1648301698,https://cdn.shopify.com/s/files/1/2219/4051/products/NA857-LEMON-RS-1390-03_compact.jpg?v=1648301697",t-shirt,https://diners.com.pk/collections/t-shirts/products/diners-mens-round-neck-t-shirt-sku-na857-lemon
Diners Men'S Polo T-Shirt,"Rs.3,742.50",NA918-WHITE(7;2;C),"Shirt Type: Casual T-Shirt
Sleeves: Half Sleeves
Collars Type: Polo Collar","S,M,L,XL,WHITE","S,M,L,XL,XXL,XXXL,WHITE","https://cdn.shopify.com/s/files/1/2219/4051/products/NA918-White-Rs-4990-01_compact.jpg?v=1659016076,https://cdn.shopify.com/s/files/1/2219/4051/products/NA918-White-Rs-4990-02_compact.jpg?v=1659016076,https://cdn.shopify.com/s/files/1/2219/4051/products/NA918-White-Rs-4990-03_compact.jpg?v=1659016076",t-shirt,https://diners.com.pk/collections/t-shirts/products/diners-mens-polo-t-shirt-24
Diners Men'S Polo T-Shirt,"Rs.3,742.50",NA920-BLUE,"Shirt Type: Casual T-Shirt
Sleeves: Half Sleeves
Collars Type: Polo Collar","M,XL,BLUE","S,M,L,XL,XXL,XXXL,BLUE","https://cdn.shopify.com/s/files/1/2219/4051/products/NA920-Blue-Rs-4990-01_compact.jpg?v=1658324959,https://cdn.shopify.com/s/files/1/2219/4051/products/NA920-Blue-Rs-4990-02_compact.jpg?v=1658324960,https://cdn.shopify.com/s/files/1/2219/4051/products/NA920-Blue-Rs-4990-03_compact.jpg?v=1658324960",t-shirt,https://diners.com.pk/collections/t-shirts/products/diners-mens-polo-t-shirt-7
ROUND NECK T-SHIRT - NA643- R-Blue,"Rs.1,547.00",NA643-R-BLUE,"Shirt Type: Casual T-Shirt
Sleeves: Half Sleeves
Collars Type: Round Neck",M,No colors,"https://cdn.shopify.com/s/files/1/2219/4051/products/NA643--R-Blue-01_compact.jpg?v=1611408349,https://cdn.shopify.com/s/files/1/2219/4051/products/NA643--R-Blue-02_compact.jpg?v=1611408349,https://cdn.shopify.com/s/files/1/2219/4051/products/NA643--R-Blue-03_compact.jpg?v=1611408348",t-shirt,https://diners.com.pk/collections/t-shirts/products/round-neck-t-shirt-na643-r-blue
Diners Men'S Polo T-Shirt SKU: NA893-L-GREY,"Rs.3,742.50",NA893-L-GREY(6;2;B)(6;3;B),"Shirt Type: Casual T-Shirt
Sleeves: Half Sleeves
Collars Type: Polo Collar","S,M,L,XL,XXL,XXXL,L-GREY","S,M,L,XL,XXL,XXXL,L-GREY","https://cdn.shopify.com/s/files/1/2219/4051/products/NA893-L-Grey-Rs-4990-01_compact.jpg?v=1655539095,https://cdn.shopify.com/s/files/1/2219/4051/products/NA893-L-Grey-Rs-4990-02_compact.jpg?v=1655539095,https://cdn.shopify.com/s/files/1/2219/4051/products/NA893-L-Grey-Rs-4990-03_compact.jpg?v=1655539095",t-shirt,https://diners.com.pk/collections/t-shirts/products/diners-mens-polo-t-shirt-sku-na893-l-grey
Diners Men'S Polo T-Shirt SKU: NA864-R-BLUE,"Rs.2,092.50",NA864-R-BLUE(4;2;C)(4;3;C),"Shirt Type: Casual T-Shirt
Sleeves: Half Sleeves
Collars Type: Polo Collar","S,M,L,XL,OLIVE","S,M,L,XL,XXL,XXXL,OLIVE","https://cdn.shopify.com/s/files/1/2219/4051/products/NA864-R--BLUE-RS-2790-01_compact.jpg?v=1653914450,https://cdn.shopify.com/s/files/1/2219/4051/products/NA864-R--BLUE-RS-2790-02_compact.jpg?v=1653914449,https://cdn.shopify.com/s/files/1/2219/4051/products/NA864-R--BLUE-RS-2790-03_compact.jpg?v=1653914450",t-shirt,https://diners.com.pk/collections/t-shirts/products/diners-mens-polo-t-shirt-sku-na864-r-blue
Diners Men'S Polo T-Shirt,"Rs.2,890.00",NA834-N-BLUE,"Shirt Type: Casual T-Shirt
Sleeves: Half Sleeves
Collars Type: Polo Collar","S,M,XL,N-BLUE","S,M,L,XL,XXL,XXXL,N-BLUE","https://cdn.shopify.com/s/files/1/2219/4051/products/NA834-N-BLUE-RS-2890-01_compact.jpg?v=1662380543,https://cdn.shopify.com/s/files/1/2219/4051/products/NA834-N-BLUE-RS-2890-02_compact.jpg?v=1662380542,https://cdn.shopify.com/s/files/1/2219/4051/products/NA834-N-BLUE-RS-2890-03_compact.jpg?v=1662380542",t-shirt,https://diners.com.pk/collections/t-shirts/products/diners-mens-polo-t-shirt-44
Diners Men'S Polo T-Shirt SKU: NA881-BLACK,"Rs.3,667.50",NA881-BLACK(5;3;A),"Shirt Type: Casual T-Shirt
Sleeves: Half Sleeves
Collars Type: Polo Collar","S,M,XL,BLACK","S,M,L,XL,XXL,XXXL,BLACK","https://cdn.shopify.com/s/files/1/2219/4051/products/NA881-Black-Rs-4890-01_compact.jpg?v=1654261132,https://cdn.shopify.com/s/files/1/2219/4051/products/NA881-Black-Rs-4890-02_compact.jpg?v=1654261132,https://cdn.shopify.com/s/files/1/2219/4051/products/NA881-Black-Rs-4890-03_compact.jpg?v=1654261132",t-shirt,https://diners.com.pk/collections/t-shirts/products/diners-mens-polo-t-shirt-sku-na881-black
Diners Men'S Polo T-Shirt SKU: NA894-S-GREEN,"Rs.3,742.50",NA894-S-GREEN(6;3;C)(6;4;C),"Shirt Type: Casual T-Shirt
Sleeves: Half Sleeves
Collars Type: Polo Collar","S,M,L,XL,XXL,S-GREEN","S,M,L,XL,XXL,S-GREEN","https://cdn.shopify.com/s/files/1/2219/4051/products/NA894-S-Green-Rs-4990-01_compact.jpg?v=1655473696,https://cdn.shopify.com/s/files/1/2219/4051/products/NA894-S-Green-Rs-4990-02_compact.jpg?v=1655473695,https://cdn.shopify.com/s/files/1/2219/4051/products/NA894-S-Green-Rs-4990-03_compact.jpg?v=1655473696",t-shirt,https://diners.com.pk/collections/t-shirts/products/diners-mens-polo-t-shirt-sku-na894-s-green
Diners Men'S Polo T-Shirt SKU: NA889-BLACK,"Rs.3,667.50",NA889-BLACK(5;5;D)(5;6;D),"Shirt Type: Casual T-Shirt
Sleeves: Half Sleeves
Collars Type: Polo Collar","S,M,L,XL,XXL,XXXL,BLACK","S,M,L,XL,XXL,XXXL,BLACK","https://cdn.shopify.com/s/files/1/2219/4051/products/NA889-Black-Rs-4890-01_compact.jpg?v=1654261558,https://cdn.shopify.com/s/files/1/2219/4051/products/NA889-Black-Rs-4890-02_compact.jpg?v=1654261558,https://cdn.shopify.com/s/files/1/2219/4051/products/NA889-Black-Rs-4890-03_compact.jpg?v=1654261558",t-shirt,https://diners.com.pk/collections/t-shirts/products/diners-mens-polo-t-shirt-sku-na889-black
Diners Men'S Polo T-Shirt SKU: NA898-PEACH,"Rs.3,742.50",NA898-PEACH(7;4;B)(7;5;B),"Shirt Type: Casual T-Shirt
Sleeves: Half Sleeves
Collars Type: Polo Collar","S,M,L,XL,XXL,XXXL,PEACH","S,M,L,XL,XXL,XXXL,PEACH","https://cdn.shopify.com/s/files/1/2219/4051/products/NA898-Peach-Rs-4990-01_compact.jpg?v=1655474638,https://cdn.shopify.com/s/files/1/2219/4051/products/NA898-Peach-Rs-4990-02_compact.jpg?v=1655474638,https://cdn.shopify.com/s/files/1/2219/4051/products/NA898-Peach-Rs-4990-03_compact.jpg?v=1655474638",t-shirt,https://diners.com.pk/collections/t-shirts/products/diners-mens-polo-t-shirt-sku-na898-peach
Diners Men'S Round Neck T-Shirt,"Rs.1,192.50",NA906-GREY,"Shirt Type: Casual T-Shirt
Sleeves: Half Sleeves","M,XXL",No colors,"https://cdn.shopify.com/s/files/1/2219/4051/products/NA906-GREY-RS-1590-01_compact.jpg?v=1663941996,https://cdn.shopify.com/s/files/1/2219/4051/products/NA906-GREY-RS-1590-02_compact.jpg?v=1663941996,https://cdn.shopify.com/s/files/1/2219/4051/products/NA906-GREY-RS-1590-03_compact.jpg?v=1663941996",t-shirt,https://diners.com.pk/collections/t-shirts/products/diners-mens-round-neck-t-shirt-10
Diners Men'S Round Neck T-Shirt,"Rs.1,267.50",NA916-LEMON,"Shirt Type: Casual T-Shirt
Sleeves: Half Sleeves","S,M,L,XL",No colors,"https://cdn.shopify.com/s/files/1/2219/4051/products/NA916-LEMON-RS-1690-01_compact.jpg?v=1662382129,https://cdn.shopify.com/s/files/1/2219/4051/products/NA916-LEMON-RS-1690-02_compact.jpg?v=1662382129,https://cdn.shopify.com/s/files/1/2219/4051/products/NA916-LEMON-RS-1690-03_compact.jpg?v=1662382130",t-shirt,https://diners.com.pk/collections/t-shirts/products/diners-mens-round-neck-t-shirt-9
Diners Men'S Round Neck T-Shirt,"Rs.1,192.50",NA911-L-PINK,"Shirt Type: Casual T-Shirt
Sleeves: Half Sleeves","S,M,L,XL,XXL",No colors,"https://cdn.shopify.com/s/files/1/2219/4051/products/NA911-L-PINK-RS-1590-01_compact.jpg?v=1662381418,https://cdn.shopify.com/s/files/1/2219/4051/products/NA911-L-PINK-RS-1590-02_compact.jpg?v=1662381418,https://cdn.shopify.com/s/files/1/2219/4051/products/NA911-L-PINK-RS-1590-03_compact.jpg?v=1662381417",t-shirt,https://diners.com.pk/collections/t-shirts/products/diners-mens-round-neck-t-shirt-7
Diners Men'S Round Neck T-Shirt,"Rs.1,267.50",NA900-ORANGE,"Shirt Type: Casual T-Shirt
Sleeves: Half Sleeves","M,XL",No colors,"https://cdn.shopify.com/s/files/1/2219/4051/products/NA900-ORANGE-RS-1690-01_compact.jpg?v=1662381026,https://cdn.shopify.com/s/files/1/2219/4051/products/NA900-ORANGE-RS-1690-02_compact.jpg?v=1662381026,https://cdn.shopify.com/s/files/1/2219/4051/products/NA900-ORANGE-RS-1690-03_compact.jpg?v=1662381026",t-shirt,https://diners.com.pk/collections/t-shirts/products/diners-mens-round-neck-t-shirt-3
Diners Men'S Polo T-Shirt SKU: NA895-PINK,"Rs.3,742.50",NA895-PINK(6;3;D)(6;4;D)(6;5;D)(6;6;D),"Shirt Type: Casual T-Shirt
Sleeves: Half Sleeves
Collars Type: Polo Collar","S,M,L,XL,XXL,XXXL,PINK","S,M,L,XL,XXL,XXXL,PINK","https://cdn.shopify.com/s/files/1/2219/4051/products/NA895-Pink-Rs-4990-01_compact.jpg?v=1655473902,https://cdn.shopify.com/s/files/1/2219/4051/products/NA895-Pink-Rs-4990-02_compact.jpg?v=1655473903,https://cdn.shopify.com/s/files/1/2219/4051/products/NA895-Pink-Rs-4990-03_compact.jpg?v=1655473902",t-shirt,https://diners.com.pk/collections/t-shirts/products/diners-mens-polo-t-shirt-sku-na895-pink
Diners Men'S Polo T-Shirt,"Rs.2,167.50",NA836-MAROON(3;5;B)(3;6;B),"Shirt Type: Casual T-Shirt
Sleeves: Half Sleeves
Collars Type: Polo Collar","S,M,XL,MAROON","S,M,L,XL,XXL,XXXL,MAROON","https://cdn.shopify.com/s/files/1/2219/4051/products/NA836-Maroon-Rs-2890-01_compact.jpg?v=1659014164,https://cdn.shopify.com/s/files/1/2219/4051/products/NA836-Maroon-Rs-2890-02_compact.jpg?v=1659014164,https://cdn.shopify.com/s/files/1/2219/4051/products/NA836-Maroon-Rs-2890-03_compact.jpg?v=1659014164",t-shirt,https://diners.com.pk/collections/t-shirts/products/diners-mens-polo-t-shirt-21
Diners Men'S Polo T-Shirt SKU: NA898-N-BLUE,"Rs.3,742.50",NA898-N-BLUE(7;2;B)(7;3;B),"Shirt Type: Casual T-Shirt
Sleeves: Half Sleeves
Collars Type: Polo Collar","S,M,XL,XXL,XXXL,N-BLUE","S,M,L,XL,XXL,XXXL,N-BLUE","https://cdn.shopify.com/s/files/1/2219/4051/products/NA898-N-Blue-Rs-4990-01_compact.jpg?v=1655474540,https://cdn.shopify.com/s/files/1/2219/4051/products/NA898-N-Blue-Rs-4990-02_compact.jpg?v=1655474540,https://cdn.shopify.com/s/files/1/2219/4051/products/NA898-N-Blue-Rs-4990-03_compact.jpg?v=1655474541",t-shirt,https://diners.com.pk/collections/t-shirts/products/diners-mens-polo-t-shirt-sku-na898-n-blue
Diners Men'S Polo T-Shirt,"Rs.3,742.50",NA920-GREEN,"Shirt Type: Casual T-Shirt
Sleeves: Half Sleeves
Collars Type: Polo Collar","S,M,GREEN","S,M,L,XL,XXL,XXXL,GREEN","https://cdn.shopify.com/s/files/1/2219/4051/products/NA920-Green-Rs-4990-01_compact.jpg?v=1658325063,https://cdn.shopify.com/s/files/1/2219/4051/products/NA920-Green-Rs-4990-02_compact.jpg?v=1658325063,https://cdn.shopify.com/s/files/1/2219/4051/products/NA920-Green-Rs-4990-03_compact.jpg?v=1658325063",t-shirt,https://diners.com.pk/collections/t-shirts/products/diners-mens-polo-t-shirt-8
Diners Men'S Round Neck T-Shirt SKU: NA857-N-BLUE,"Rs.1,042.50",NA857-N-BLUE(4;2;C),"Shirt Type: Casual T-Shirt
Sleeves: Half Sleeves","S,M,XL",No colors,"https://cdn.shopify.com/s/files/1/2219/4051/products/NA857-N-BLUE-RS-1390-01_compact.jpg?v=1650111680,https://cdn.shopify.com/s/files/1/2219/4051/products/NA857-N-BLUE-RS-1390-02_compact.jpg?v=1650111680,https://cdn.shopify.com/s/files/1/2219/4051/products/NA857-N-BLUE-RS-1390-03_compact.jpg?v=1650111680",t-shirt,https://diners.com.pk/collections/t-shirts/products/diners-mens-round-neck-t-shirt-sku-na857-n-blue
Diners Men'S Polo T-Shirt,"Rs.2,890.00",NA842-N-BLUE,"Shirt Type: Casual T-Shirt
Sleeves: Half Sleeves
Collars Type: Polo Collar","S,M,N-BLUE","S,M,L,XL,XXL,XXXL,N-BLUE","https://cdn.shopify.com/s/files/1/2219/4051/products/NA842-N-BLUE-RS-2890-01_compact.jpg?v=1661604157,https://cdn.shopify.com/s/files/1/2219/4051/products/NA842-N-BLUE-RS-2890-02_compact.jpg?v=1661604157,https://cdn.shopify.com/s/files/1/2219/4051/products/NA842-N-BLUE-RS-2890-03_compact.jpg?v=1661604157",t-shirt,https://diners.com.pk/collections/t-shirts/products/diners-mens-polo-t-shirt-40
Diners Men'S Polo T-Shirt SKU: NA879-MULTI,"Rs.3,667.50",NA879-MULTI(4;6;C),"Shirt Type: Casual T-Shirt
Sleeves: Half Sleeves
Collars Type: Polo Collar","S,M,XL,MULTI","S,M,L,XL,XXL,XXXL,MULTI","https://cdn.shopify.com/s/files/1/2219/4051/products/NA879-Multi-Rs-4890-01_compact.jpg?v=1654350798,https://cdn.shopify.com/s/files/1/2219/4051/products/NA879-Multi-Rs-4890-02_compact.jpg?v=1654350797,https://cdn.shopify.com/s/files/1/2219/4051/products/NA879-Multi-Rs-4890-03_compact.jpg?v=1654350798",t-shirt,https://diners.com.pk/collections/t-shirts/products/diners-mens-polo-t-shirt-sku-na879-multi
Diners Men'S Round Neck T-Shirt SKU: NA858-RED,"Rs.1,267.50",NA858-RED(4;5;C),"Shirt Type: Casual T-Shirt
Sleeves: Half Sleeves","S,M",No colors,"https://cdn.shopify.com/s/files/1/2219/4051/products/NA858-RED-RS-1690-01_compact.jpg?v=1650112315,https://cdn.shopify.com/s/files/1/2219/4051/products/NA858-RED-RS-1690-02_compact.jpg?v=1650112318,https://cdn.shopify.com/s/files/1/2219/4051/products/NA858-RED-RS-1690-03_compact.jpg?v=1650112315",t-shirt,https://diners.com.pk/collections/t-shirts/products/diners-mens-round-neck-t-shirt-sku-na858-red
Diners Men'S Polo T-Shirt SKU: NA829-RED,"Rs.1,646.25",NA829-RED(3;1;B)(3;2;B),"Shirt Type: Casual T-Shirt
Sleeves: Half Sleeves
Collars Type: Polo Collar","M,XL,RED","S,M,L,XL,XXL,XXXL,RED","https://cdn.shopify.com/s/files/1/2219/4051/products/NA829-RED-RS-2195-01_compact.jpg?v=1652708291,https://cdn.shopify.com/s/files/1/2219/4051/products/NA829-RED-RS-2195-02_compact.jpg?v=1652708291,https://cdn.shopify.com/s/files/1/2219/4051/products/NA829-RED-RS-2195-03_compact.jpg?v=1652708291",t-shirt,https://diners.com.pk/collections/t-shirts/products/diners-mens-polo-t-shirt-sku-na829-red
Diners Men'S Polo T-Shirt,"Rs.2,890.00",NA842-GREEN(2;3;B),"Shirt Type: Casual T-Shirt
Sleeves: Half Sleeves
Collars Type: Polo Collar","M,L,XL,XXL,GREEN","S,M,L,XL,XXL,XXXL,GREEN","https://cdn.shopify.com/s/files/1/2219/4051/products/NA842-GREEN-RS-2890-01_compact.jpg?v=1660982538,https://cdn.shopify.com/s/files/1/2219/4051/products/NA842-GREEN-RS-2890-02_compact.jpg?v=1660982538,https://cdn.shopify.com/s/files/1/2219/4051/products/NA842-GREEN-RS-2890-03_compact.jpg?v=1660982538",t-shirt,https://diners.com.pk/collections/t-shirts/products/diners-mens-polo-t-shirt-33
Diners Men'S Polo T-Shirt,"Rs.2,167.50",NA830-BLUE,"Shirt Type: Casual T-Shirt
Sleeves: Half Sleeves
Collars Type: Polo Collar","M,BLUE","S,M,XL,XXL,XXXL,BLUE","https://cdn.shopify.com/s/files/1/2219/4051/products/NA830-BLUE-RS-2890-01_compact.jpg?v=1661603238,https://cdn.shopify.com/s/files/1/2219/4051/products/NA830-BLUE-RS-2890-02_compact.jpg?v=1661603239",t-shirt,https://diners.com.pk/collections/t-shirts/products/diners-mens-polo-t-shirt-35
Diners Men'S Polo T-Shirt SKU: NA883-WHITE,"Rs.3,667.50",NA883-WHITE(5;5;A)(5;6;A),"Shirt Type: Casual T-Shirt
Sleeves: Half Sleeves
Collars Type: Polo Collar","S,M,L,XL,XXL,XXXL,WHITE","S,M,L,XL,XXL,XXXL,WHITE","https://cdn.shopify.com/s/files/1/2219/4051/products/NA883-White-Rs-4890-01_compact.jpg?v=1654261270,https://cdn.shopify.com/s/files/1/2219/4051/products/NA883-White-Rs-4890-02_compact.jpg?v=1654261269,https://cdn.shopify.com/s/files/1/2219/4051/products/NA883-White-Rs-4890-03_compact.jpg?v=1654261269",t-shirt,https://diners.com.pk/collections/t-shirts/products/diners-mens-polo-t-shirt-sku-na883-white
Diner'S Men'S V Neck T-Shirt SKU: NA734-R-BLUE,Rs.975.00,NA734-R-BLUE(1;4;B),"Shirt Type: Casual T-Shirt
Sleeves: Half Sleeves","S,M,L,R-BLUE","S,M,L,XL,XXL,XXXL,R-BLUE","https://cdn.shopify.com/s/files/1/2219/4051/products/NA734-R-BLUE-RS-1950-01_compact.jpg?v=1619783535,https://cdn.shopify.com/s/files/1/2219/4051/products/NA734-R-BLUE-RS-1950_compact.jpg?v=1623064824,https://cdn.shopify.com/s/files/1/2219/4051/products/NA734-R-BLUE-RS-1950-02_compact.jpg?v=1619783535",t-shirt,https://diners.com.pk/collections/t-shirts/products/diners-mens-v-neck-t-shirt-sku-na734-r-blue
Diners Men'S Polo T-Shirt SKU: NA890-BLACK,"Rs.3,667.50",NA890-BLACK(6;1;A)(6;2;A),"Shirt Type: Casual T-Shirt
Sleeves: Half Sleeves
Collars Type: Polo Collar","S,M,L,XL,XXXL,BLACK","S,M,L,XL,XXL,XXXL,BLACK","https://cdn.shopify.com/s/files/1/2219/4051/products/NA890-Black-Rs-4890-01_compact.jpg?v=1654261742,https://cdn.shopify.com/s/files/1/2219/4051/products/NA890-Black-Rs-4890-02_compact.jpg?v=1654261741,https://cdn.shopify.com/s/files/1/2219/4051/products/NA890-Black-Rs-4890-03_compact.jpg?v=1654261741",t-shirt,https://diners.com.pk/collections/t-shirts/products/diners-mens-polo-t-shirt-sku-na890-black
Diners Men'S Polo T-Shirt SKU: NA888-N-BLUE,"Rs.3,667.50",NA888-N-BLUE(5;4;C)(5;5;C)(5;6;C),"Shirt Type: Casual T-Shirt
Sleeves: Half Sleeves
Collars Type: Polo Collar","S,M,L,XL,XXL,XXXL,N-BLUE","S,M,L,XL,XXL,XXXL,N-BLUE","https://cdn.shopify.com/s/files/1/2219/4051/products/NA888-N-Blue-Rs-4890-01_compact.jpg?v=1654351112,https://cdn.shopify.com/s/files/1/2219/4051/products/NA888-N-Blue-Rs-4890-02_compact.jpg?v=1654351111,https://cdn.shopify.com/s/files/1/2219/4051/products/NA888-N-Blue-Rs-4890-03_compact.jpg?v=1654351112",t-shirt,https://diners.com.pk/collections/t-shirts/products/diners-mens-polo-t-shirt-sku-na888-n-blue
Diners Men'S Polo T-Shirt,"Rs.2,990.00",NA867-L-BLUE(2;1;C),"Shirt Type: Casual T-Shirt
Sleeves: Half Sleeves
Collars Type: Polo Collar","S,L,XL,L-BLUE","S,L,XL,XXL,XXXL,L-BLUE","https://cdn.shopify.com/s/files/1/2219/4051/products/NA867-L-BLUE-RS-2990-01_compact.jpg?v=1660983065,https://cdn.shopify.com/s/files/1/2219/4051/products/NA867-L-BLUE-RS-2990-03_compact.jpg?v=1660983065",t-shirt,https://diners.com.pk/collections/t-shirts/products/diners-mens-polo-t-shirt-32
Diners Men'S Polo T-Shirt,"Rs.2,167.50",NA836-TEAL,"Shirt Type: Casual T-Shirt
Sleeves: Half Sleeves
Collars Type: Polo Collar","S,M,L,XXL,TEAL","S,M,L,XL,XXL,XXXL,TEAL","https://cdn.shopify.com/s/files/1/2219/4051/products/NA836-TEAL-RS-2890-01_compact.jpg?v=1661603988,https://cdn.shopify.com/s/files/1/2219/4051/products/NA836-TEAL-RS-2890-02_compact.jpg?v=1661603988,https://cdn.shopify.com/s/files/1/2219/4051/products/NA836-TEAL-RS-2890-03_compact.jpg?v=1661603988",t-shirt,https://diners.com.pk/collections/t-shirts/products/diners-mens-polo-t-shirt-39
Diners Men'S Polo T-Shirt SKU: NA885-GREEN,"Rs.3,667.50",NA885-GREEN(5;2;B)(5;6;B),"Shirt Type: Casual T-Shirt
Sleeves: Half Sleeves
Collars Type: Polo Collar","S,M,L,XL,XXL,XXXL,GREEN","S,M,L,XL,XXL,XXXL,GREEN","https://cdn.shopify.com/s/files/1/2219/4051/products/NA888-Teal-Rs-4890-01_compact.jpg?v=1654261502,https://cdn.shopify.com/s/files/1/2219/4051/products/NA888-Teal-Rs-4890-02_compact.jpg?v=1654261502,https://cdn.shopify.com/s/files/1/2219/4051/products/NA888-Teal-Rs-4890-03_compact.jpg?v=1654261503",t-shirt,https://diners.com.pk/collections/t-shirts/products/diners-mens-polo-t-shirt-sku-na885-green
Diners Men'S Polo T-Shirt SKU: NA887-WHITE,"Rs.3,667.50",NA887-WHITE(5;6;B)(5;1;C),"Shirt Type: Casual T-Shirt
Sleeves: Half Sleeves
Collars Type: Polo Collar","S,M,L,XXL,XXXL,WHITE","S,M,L,XXL,XXXL,WHITE","https://cdn.shopify.com/s/files/1/2219/4051/products/NA887-White-Rs-4890-01_compact.jpg?v=1654351006,https://cdn.shopify.com/s/files/1/2219/4051/products/NA887-White-Rs-4890-02_compact.jpg?v=1654351006,https://cdn.shopify.com/s/files/1/2219/4051/products/NA887-White-Rs-4890-03_compact.jpg?v=1654351006",t-shirt,https://diners.com.pk/collections/t-shirts/products/diners-mens-polo-t-shirt-sku-na887-white
Diners Men'S Round Neck T-Shirt SKU: NA856-R-BLUE,"Rs.1,042.50",NA856-R-BLUE(3;3;D)(3;4;D),"Shirt Type: Casual T-Shirt
Sleeves: Half Sleeves","S,M,XL",No colors,"https://cdn.shopify.com/s/files/1/2219/4051/products/NA856-R-BLUE-RS-1390-01_compact.jpg?v=1648301530,https://cdn.shopify.com/s/files/1/2219/4051/products/NA856-R-BLUE-RS-1390-02_compact.jpg?v=1648301530,https://cdn.shopify.com/s/files/1/2219/4051/products/NA856-R-BLUE-RS-1390-03_compact.jpg?v=1648301530",t-shirt,https://diners.com.pk/collections/t-shirts/products/diners-mens-round-neck-t-shirt-sku-na856-r-blue
Diners Men'S Round Neck T-Shirt SKU: NA856-GREY,"Rs.1,042.50",NA856-GREY(3;3;D),"Shirt Type: Casual T-Shirt
Sleeves: Half Sleeves","S,M,XL",No colors,"https://cdn.shopify.com/s/files/1/2219/4051/products/NA856-GREY-RS-1390-01_compact.jpg?v=1650350542,https://cdn.shopify.com/s/files/1/2219/4051/products/NA856-GREY-RS-1390-02_compact.jpg?v=1650350543,https://cdn.shopify.com/s/files/1/2219/4051/products/NA856-GREY-RS-1390-03_compact.jpg?v=1650350542",t-shirt,https://diners.com.pk/collections/t-shirts/products/diners-mens-round-neck-t-shirt-sku-na856-grey
Diners Men'S Polo T-Shirt,"Rs.2,167.50",NA835-AQUA,"Shirt Type: Casual T-Shirt
Sleeves: Half Sleeves
Collars Type: Polo Collar","S,M,L,XL,AQUA","S,M,L,XL,XXXL,AQUA","https://cdn.shopify.com/s/files/1/2219/4051/products/NA835-AQUA-RS-2890-01_compact.jpg?v=1661603630,https://cdn.shopify.com/s/files/1/2219/4051/products/NA835-AQUA-RS-2890-02_compact.jpg?v=1661603630,https://cdn.shopify.com/s/files/1/2219/4051/products/NA835-AQUA-RS-2890-03_compact.jpg?v=1661603630",t-shirt,https://diners.com.pk/collections/t-shirts/products/diners-mens-polo-t-shirt-37
Diners Men'S Polo T-Shirt,"Rs.3,742.50",NA919-WHITE(7;4;C),"Shirt Type: Casual T-Shirt
Sleeves: Half Sleeves
Collars Type: Polo Collar","S,M,L,XL,XXL,WHITE","S,M,L,XL,XXL,XXXL,WHITE","https://cdn.shopify.com/s/files/1/2219/4051/products/NA919-White-Rs-4990-01_compact.jpg?v=1659016209,https://cdn.shopify.com/s/files/1/2219/4051/products/NA919-White-Rs-4990-02_compact.jpg?v=1659016208,https://cdn.shopify.com/s/files/1/2219/4051/products/NA919-White-Rs-4990-033_compact.jpg?v=1659016209",t-shirt,https://diners.com.pk/collections/t-shirts/products/diners-mens-polo-t-shirt-25
Diners Men'S Polo T-Shirt SKU: NA891-N-BLUE,"Rs.3,667.50",NA891-N-BLUE(6;3;A),"Shirt Type: Casual T-Shirt
Sleeves: Half Sleeves
Collars Type: Polo Collar","S,M,XL,XXL,XXXL,N-BLUE","S,M,XL,XXL,XXXL,N-BLUE","https://cdn.shopify.com/s/files/1/2219/4051/products/NA891-N-Blue-Rs-4890-01_compact.jpg?v=1654261807,https://cdn.shopify.com/s/files/1/2219/4051/products/NA891-N-Blue-Rs-4890-02_compact.jpg?v=1654261807",t-shirt,https://diners.com.pk/collections/t-shirts/products/diners-mens-polo-t-shirt-sku-na891-n-blue
Diners Men'S Round Neck T-Shirt,"Rs.1,192.50",NA907-R-BLUE,"Shirt Type: Casual T-Shirt
Sleeves: Half Sleeves","S,M,L,XL,XXL",No colors,"https://cdn.shopify.com/s/files/1/2219/4051/products/NA907-R-BLUE-RS-1590-01_compact.jpg?v=1662381305,https://cdn.shopify.com/s/files/1/2219/4051/products/NA907-R-BLUE-RS-1590-02_compact.jpg?v=1662381304,https://cdn.shopify.com/s/files/1/2219/4051/products/NA907-R-BLUE-RS-1590-03_compact.jpg?v=1662381305",t-shirt,https://diners.com.pk/collections/t-shirts/products/diners-mens-round-neck-t-shirt-6
Diners Men'S Polo T-Shirt,"Rs.3,742.50",NA919-N-BLUE,"Shirt Type: Casual T-Shirt
Sleeves: Half Sleeves
Collars Type: Polo Collar","S,M,XL,N-BLUE","S,M,L,XL,XXL,XXXL,N-BLUE","https://cdn.shopify.com/s/files/1/2219/4051/products/NA919-N-Blue-Rs-4990-01_compact.jpg?v=1658324819,https://cdn.shopify.com/s/files/1/2219/4051/products/NA919-N-Blue-Rs-4990-02_compact.jpg?v=1658324819,https://cdn.shopify.com/s/files/1/2219/4051/products/NA919-N-Blue-Rs-4990-03_compact.jpg?v=1658324819",t-shirt,https://diners.com.pk/collections/t-shirts/products/diners-mens-polo-t-shirt-6
Diners Men'S Polo T-Shirt SKU: NA897-N-BLUE,"Rs.3,742.50",NA897-N-BLUE(7;6;A)(7;1;B),"Shirt Type: Casual T-Shirt
Sleeves: Half Sleeves
Collars Type: Polo Collar","S,M,L,XL,XXXL,N-BLUE","S,M,L,XL,XXL,XXXL,N-BLUE","https://cdn.shopify.com/s/files/1/2219/4051/products/NA897-N-Blue-Rs-4990-01_compact.jpg?v=1655474363,https://cdn.shopify.com/s/files/1/2219/4051/products/NA897-N-Blue-Rs-4990-02_compact.jpg?v=1655474363,https://cdn.shopify.com/s/files/1/2219/4051/products/NA897-N-Blue-Rs-4990-03_compact.jpg?v=1655474364",t-shirt,https://diners.com.pk/collections/t-shirts/products/diners-mens-polo-t-shirt-sku-na897-n-blue
Diners Men'S Polo T-Shirt,"Rs.1,646.25",NA827-BEIDGE,"Shirt Type: Casual T-Shirt
Sleeves: Half Sleeves
Collars Type: Polo Collar","S,M,L,XL,BEIDGE","S,M,L,XL,XXL,XXXL,BEIDGE","https://cdn.shopify.com/s/files/1/2219/4051/products/NA827-BEIDGE-RS-2195-01_compact.jpg?v=1661602908,https://cdn.shopify.com/s/files/1/2219/4051/products/NA827-BEIDGE-RS-2195-02_compact.jpg?v=1661602908,https://cdn.shopify.com/s/files/1/2219/4051/products/NA827-BEIDGE-RS-2195-03_compact.jpg?v=1661602908",t-shirt,https://diners.com.pk/collections/t-shirts/products/diners-mens-polo-t-shirt-34
Diners Men'S Polo T-Shirt SKU: NA889-PEACH,"Rs.3,667.50",NA889-PEACH(5;1;D)(5;2;D),"Shirt Type: Casual T-Shirt
Sleeves: Half Sleeves
Collars Type: Polo Collar","S,M,L,XL,XXL,PEACH","S,M,L,XL,XXL,XXXL,PEACH","https://cdn.shopify.com/s/files/1/2219/4051/products/NA889-Peach-Rs-4890-01_compact.jpg?v=1654261620,https://cdn.shopify.com/s/files/1/2219/4051/products/NA889-Peach-Rs-4890-02_compact.jpg?v=1654261620,https://cdn.shopify.com/s/files/1/2219/4051/products/NA889-Peach-Rs-4890-03_compact.jpg?v=1654261621",t-shirt,https://diners.com.pk/collections/t-shirts/products/diners-mens-polo-t-shirt-sku-na889-peach
Diners Men'S Polo T-Shirt,"Rs.3,742.50",NA917-PEACH,"Shirt Type: Casual T-Shirt
Sleeves: Half Sleeves
Collars Type: Polo Collar","S,M,L,XL,XXL,PEACH","S,M,L,XL,XXL,XXXL,PEACH","https://cdn.shopify.com/s/files/1/2219/4051/products/NA917-Peach-Rs-4990-01_compact.jpg?v=1658407594,https://cdn.shopify.com/s/files/1/2219/4051/products/NA917-Peach-Rs-4990-02_compact.jpg?v=1658407593,https://cdn.shopify.com/s/files/1/2219/4051/products/NA917-Peach-Rs-4990-03_compact.jpg?v=1658407594",t-shirt,https://diners.com.pk/collections/t-shirts/products/diners-mens-polo-t-shirt-19
Diners Men'S Polo T-Shirt,"Rs.2,167.50",NA840-TEAL(2;6;A),"Shirt Type: Casual T-Shirt
Sleeves: Half Sleeves
Collars Type: Polo Collar","S,M,L,XL,TEAL","S,M,L,XL,XXL,XXXL,TEAL","https://cdn.shopify.com/s/files/1/2219/4051/products/NA840-TEAL-RS-2890-01_compact.jpg?v=1660982069,https://cdn.shopify.com/s/files/1/2219/4051/products/NA840-TEAL-RS-2890-02_compact.jpg?v=1660982069,https://cdn.shopify.com/s/files/1/2219/4051/products/NA840-TEAL-RS-2890-03_compact.jpg?v=1660982069",t-shirt,https://diners.com.pk/collections/t-shirts/products/diners-mens-polo-t-shirt-30
Diners Men'S Round Neck T-Shirt SKU: NA824-R-BLUE,"Rs.1,267.50",NA824-R-BLUE (2;1;A),"Shirt Type: Casual T-Shirt
Sleeves: Half Sleeves","S,XL",No colors,"https://cdn.shopify.com/s/files/1/2219/4051/products/NA824-R-BLUE-RS-1690-01_compact.jpg?v=1648460454,https://cdn.shopify.com/s/files/1/2219/4051/products/NA824-R-BLUE-RS-1690-02_compact.jpg?v=1648460453,https://cdn.shopify.com/s/files/1/2219/4051/products/NA824-R-BLUE-RS-1690-03_compact.jpg?v=1648460454",t-shirt,https://diners.com.pk/collections/t-shirts/products/diners-mens-round-neck-t-shirt-sku-na824-r-blue
Diners Men'S Polo T-Shirt SKU: NA864-OLIVE,"Rs.2,092.50",NA864-OLIVE(4;6;B)(4;1;C),"Shirt Type: Casual T-Shirt
Sleeves: Half Sleeves
Collars Type: Polo Collar","S,M,L,OLIVE","S,M,L,XL,XXL,XXXL,OLIVE","https://cdn.shopify.com/s/files/1/2219/4051/products/NA864-OLIVE-RS-2790-01_compact.jpg?v=1653914291,https://cdn.shopify.com/s/files/1/2219/4051/products/NA864-OLIVE-RS-2790-02_compact.jpg?v=1653914292,https://cdn.shopify.com/s/files/1/2219/4051/products/NA864-OLIVE-RS-2790-03_compact.jpg?v=1653914292",t-shirt,https://diners.com.pk/collections/t-shirts/products/diners-mens-polo-t-shirt-sku-na864-olive
Diners Men'S Polo T-Shirt,"Rs.3,742.50",NA921-AQUA,"Shirt Type: Casual T-Shirt
Sleeves: Half Sleeves
Collars Type: Polo Collar","S,M,XL,AQUA","S,M,XL,XXL,XXXL,AQUA","https://cdn.shopify.com/s/files/1/2219/4051/products/NA921-Aqua-Rs-4990-01_compact.jpg?v=1658325155,https://cdn.shopify.com/s/files/1/2219/4051/products/NA921-Aqua-Rs-4990-02_compact.jpg?v=1658325153",t-shirt,https://diners.com.pk/collections/t-shirts/products/diners-mens-polo-t-shirt-9
Diners Men'S Round Neck T-Shirt SKU: NA869-WHITE,"Rs.1,267.50",NA869-WHITE(4;4;C),"Shirt Type: Casual T-Shirt
Sleeves: Half Sleeves","S,M,L,XL",No colors,"https://cdn.shopify.com/s/files/1/2219/4051/products/NA869-WHITE-RS-1690-01_compact.jpg?v=1652709287,https://cdn.shopify.com/s/files/1/2219/4051/products/NA869-WHITE-RS-1690-02_compact.jpg?v=1652709287,https://cdn.shopify.com/s/files/1/2219/4051/products/NA869-WHITE-RS-1690-03_compact.jpg?v=1652709287",t-shirt,https://diners.com.pk/collections/t-shirts/products/diners-mens-round-neck-t-shirt-sku-na869-white
Diners Men'S Polo T-Shirt SKU: NA830-RED,"Rs.2,167.50",NA830-RED(3;3;B)(3;4;B),"Shirt Type: Casual T-Shirt
Sleeves: Half Sleeves
Collars Type: Polo Collar","S,M,L,XL,XXL,RED","S,M,L,XL,XXL,XXXL,RED","https://cdn.shopify.com/s/files/1/2219/4051/products/NA830-Red-Rs-2890-01_compact.jpg?v=1655473172,https://cdn.shopify.com/s/files/1/2219/4051/products/NA830-Red-Rs-2890-02_compact.jpg?v=1655473172,https://cdn.shopify.com/s/files/1/2219/4051/products/NA830-Red-Rs-2890-03_compact.jpg?v=1655473173",t-shirt,https://diners.com.pk/collections/t-shirts/products/diners-mens-polo-t-shirt-sku-na830-red
Diners Men'S Polo T-Shirt,"Rs.2,167.50",NA841-MAROON(3;3;C)(3;4;C),"Shirt Type: Casual T-Shirt
Sleeves: Half Sleeves
Collars Type: Polo Collar","S,M,L,XL,XXL,MAROON","S,M,L,XL,XXL,XXXL,MAROON","https://cdn.shopify.com/s/files/1/2219/4051/products/NA841-Maroon-Rs-2890-01_compact.jpg?v=1659015941,https://cdn.shopify.com/s/files/1/2219/4051/products/NA841-Maroon-Rs-2890-02_compact.jpg?v=1659015940,https://cdn.shopify.com/s/files/1/2219/4051/products/NA841-Maroon-Rs-2890-03_compact.jpg?v=1659015941",t-shirt,https://diners.com.pk/collections/t-shirts/products/diners-mens-polo-t-shirt-23
Diners Men'S Polo T-Shirt SKU: NA892-L-GREY,"Rs.3,742.50",NA892-L-GREY(6;4;A)(6;5;A),"Shirt Type: Casual T-Shirt
Sleeves: Half Sleeves
Collars Type: Polo Collar","S,M,L,XL,XXL,XXXL,L-GREY","S,M,L,XL,XXL,XXXL,L-GREY","https://cdn.shopify.com/s/files/1/2219/4051/products/NA892-L-Grey-Rs-4990-01_compact.jpg?v=1655473359,https://cdn.shopify.com/s/files/1/2219/4051/products/NA892-L-Grey-Rs-4990-02_compact.jpg?v=1655473359,https://cdn.shopify.com/s/files/1/2219/4051/products/NA892-L-Grey-Rs-4990-03_compact.jpg?v=1655473359",t-shirt,https://diners.com.pk/collections/t-shirts/products/diners-mens-polo-t-shirt-sku-na892-l-grey
Diners Men'S Polo T-Shirt SKU: NA894-PEACH,"Rs.3,742.50",NA894-PEACH(6;2;C),"Shirt Type: Casual T-Shirt
Sleeves: Half Sleeves
Collars Type: Polo Collar","S,M,L,XL,XXL,XXXL,PEACH","S,M,L,XL,XXL,XXXL,PEACH","https://cdn.shopify.com/s/files/1/2219/4051/products/NA894-Peach-Rs-4990-01_compact.jpg?v=1655473580,https://cdn.shopify.com/s/files/1/2219/4051/products/NA894-Peach-Rs-4990-02_compact.jpg?v=1655473579,https://cdn.shopify.com/s/files/1/2219/4051/products/NA894-Peach-Rs-4990-03_compact.jpg?v=1655473580",t-shirt,https://diners.com.pk/collections/t-shirts/products/diners-mens-polo-t-shirt-sku-na894-peach
Diners Men'S Polo T-Shirt SKU: NA828-M-GREEN,"Rs.1,646.25",NA828-M-GREEN(3;3;C),"Shirt Type: Casual T-Shirt
Sleeves: Half Sleeves
Collars Type: Polo Collar","S,M,M-GREEN","S,M,L,XL,XXL,XXXL,M-GREEN","https://cdn.shopify.com/s/files/1/2219/4051/products/NA828-M-GREEN-RS-2195-01_compact.jpg?v=1653913697,https://cdn.shopify.com/s/files/1/2219/4051/products/NA828-M-GREEN-RS-2195-02_compact.jpg?v=1653913698,https://cdn.shopify.com/s/files/1/2219/4051/products/NA828-M-GREEN-RS-2195-03_compact.jpg?v=1653913697",t-shirt,https://diners.com.pk/collections/t-shirts/products/diners-mens-polo-t-shirt-sku-na828-m-green
Diners Men'S Round Neck T-Shirt SKU: NA823-OLIVE,"Rs.1,267.50",NA823-OLIVE(1;6;C),"Shirt Type: Casual T-Shirt
Sleeves: Half Sleeves",M,No colors,"https://cdn.shopify.com/s/files/1/2219/4051/products/NA823-OLIVE-RS-1690-01_compact.jpg?v=1650350357,https://cdn.shopify.com/s/files/1/2219/4051/products/NA823-OLIVE-RS-1690-02_compact.jpg?v=1650350357",t-shirt,https://diners.com.pk/collections/t-shirts/products/diners-mens-round-neck-t-shirt-sku-na823-olive
Diners Men'S Polo T-Shirt,"Rs.2,890.00",NA834-GREEN,"Shirt Type: Casual T-Shirt
Sleeves: Half Sleeves
Collars Type: Polo Collar","S,M,L,GREEN","S,M,L,XL,XXL,XXXL,GREEN","https://cdn.shopify.com/s/files/1/2219/4051/products/NA834-GREEN-RS-2890-01_compact.jpg?v=1661603421,https://cdn.shopify.com/s/files/1/2219/4051/products/NA834-GREEN-RS-2890-02_compact.jpg?v=1661603421,https://cdn.shopify.com/s/files/1/2219/4051/products/NA834-GREEN-RS-2890-03_compact.jpg?v=1661603422",t-shirt,https://diners.com.pk/collections/t-shirts/products/diners-mens-polo-t-shirt-36
