Name,Price,SKU,Description,Color,Size,Gender,Type,Image,Product Link
Cut & Sew Multi,Rs.795,MTT0193-SML-MLT,No Description Found,Multi,"S,M,L,XL",Men,T-Shirt,"https://cdn.shopify.com/s/files/1/0572/7263/1447/products/MTT0193-MLT_3.jpg?v=1656496012, https://cdn.shopify.com/s/files/1/0572/7263/1447/products/MTT0193-MLT_1_8ba84411-2fb5-4064-885c-bfa22ff5d161.jpg?v=1659520260, https://cdn.shopify.com/s/files/1/0572/7263/1447/products/MTT0193-MLT_4.jpg?v=1659520260, https://cdn.shopify.com/s/files/1/0572/7263/1447/products/MTT0193-MLT_2_18b6bea5-8980-452a-93fd-894d37cdc410.jpg?v=1659520260, https://cdn.shopify.com/s/files/1/0572/7263/1447/products/MTT0193-MLT_1.jpg?v=1659520260, https://cdn.shopify.com/s/files/1/0572/7263/1447/products/MTT0193-MLT_2.jpg?v=1659520260",https://beoneshopone.com/products/mtt0193-mlt
Sports Tee Black,"Rs.1,195",MTT0311-SML-BLK,"Crew neck tee shirt in jersey, featuring contrasting pannels in sleeves",Black,"S,M,L,XL",Men,T-Shirt,"https://cdn.shopify.com/s/files/1/0572/7263/1447/products/MTT0311-BLK_4.jpg?v=1662722964, https://cdn.shopify.com/s/files/1/0572/7263/1447/products/MTT0311-BLK_1.jpg?v=1662722964, https://cdn.shopify.com/s/files/1/0572/7263/1447/products/MTT0311-BLK_5.jpg?v=1662722964, https://cdn.shopify.com/s/files/1/0572/7263/1447/products/MTT0311-BLK_3.jpg?v=1662722964, https://cdn.shopify.com/s/files/1/0572/7263/1447/products/MTT0311-BLK_2.jpg?v=1662722964",https://beoneshopone.com/products/mtt0311-blk
Printed Tee Grey,Rs.895,MTT0264-SML-GRY,"Cotton Jersey tee shirt, featuring crew neck and an over all print",Grey,S,Men,T-Shirt,"https://cdn.shopify.com/s/files/1/0572/7263/1447/products/MTT0264-GRY_2.jpg?v=1656313842, https://cdn.shopify.com/s/files/1/0572/7263/1447/products/MTT0264-GRY_1.jpg?v=1656313842, https://cdn.shopify.com/s/files/1/0572/7263/1447/products/MTT0264-GRY_3.jpg?v=1656313842, https://cdn.shopify.com/s/files/1/0572/7263/1447/products/MTT0264-GRY_5.jpg?v=1656313842, https://cdn.shopify.com/s/files/1/0572/7263/1447/products/MTT0264-GRY.jpg?v=1656313842, https://cdn.shopify.com/s/files/1/0572/7263/1447/products/MTT0264-GRY_4.jpg?v=1656313842",https://beoneshopone.com/products/mtt0264-gry
Crew Neck Navy,Rs.795,MTT0286-SML-NVY,"Basic crew neck tee shirt, featuring short sleeves",Navy,"S,M,L,XL",Men,T-Shirt,"https://cdn.shopify.com/s/files/1/0572/7263/1447/products/MTT0286-NVY_4.jpg?v=1660388801, https://cdn.shopify.com/s/files/1/0572/7263/1447/products/MTT0286-NVY_2.jpg?v=1660388801, https://cdn.shopify.com/s/files/1/0572/7263/1447/products/MTT0286-NVY_3.jpg?v=1660388801, https://cdn.shopify.com/s/files/1/0572/7263/1447/products/MTT0286-NVY_1.jpg?v=1660388801, https://cdn.shopify.com/s/files/1/0572/7263/1447/products/MTT0286-NVY_5.jpg?v=1660388790",https://beoneshopone.com/products/mtt0286-nvy
Textured Tee Black,"Rs.1,393",MTT0297-SML-BLK,"Basic crew neck tee shirt in textured fabrication, featuring short sleeves and neck tipping",Black,"S,M,L,XL",Men,T-Shirt,"https://cdn.shopify.com/s/files/1/0572/7263/1447/products/MTT0297-BLK_3.jpg?v=1662540143, https://cdn.shopify.com/s/files/1/0572/7263/1447/products/MTT0297-BLK_1.jpg?v=1662540143, https://cdn.shopify.com/s/files/1/0572/7263/1447/products/MTT0297-BLK_2.jpg?v=1662540143, https://cdn.shopify.com/s/files/1/0572/7263/1447/products/MTT0297-BLK_4.jpg?v=1662540139, https://cdn.shopify.com/s/files/1/0572/7263/1447/products/MTT0297-BLK_5.jpg?v=1662540138",https://beoneshopone.com/products/mtt0297-blk
Sports Tee Mustard,"Rs.1,953",MTT0310-SML-MYR,"Crew neck tee shirt in jersey, featuring double sleeves and print in front",Mustard,"S,M,L,XL",Men,T-Shirt,"https://cdn.shopify.com/s/files/1/0572/7263/1447/products/MTT0310-MYR_3.jpg?v=1662540205, https://cdn.shopify.com/s/files/1/0572/7263/1447/products/MTT0310-MYR_1.jpg?v=1662540205, https://cdn.shopify.com/s/files/1/0572/7263/1447/products/MTT0310-MYR_4.jpg?v=1662540205, https://cdn.shopify.com/s/files/1/0572/7263/1447/products/MTT0310-MYR_2.jpg?v=1662540205, https://cdn.shopify.com/s/files/1/0572/7263/1447/products/MTT0310-MYR_5.jpg?v=1662540198",https://beoneshopone.com/products/mtt0310-myr
Striped Tee Multi,"Rs.1,095",MTT0302-SML-MLT,"Crew neck tee shirt in jersey, featuring short sleeves and an over all print",Multi,"S,M,L,XL",Men,T-Shirt,"https://cdn.shopify.com/s/files/1/0572/7263/1447/products/MTT0302-MLT_2.jpg?v=1660389451, https://cdn.shopify.com/s/files/1/0572/7263/1447/products/MTT0302-MLT_1.jpg?v=1660389451, https://cdn.shopify.com/s/files/1/0572/7263/1447/products/MTT0302-MLT_3.jpg?v=1660389438, https://cdn.shopify.com/s/files/1/0572/7263/1447/products/MTT0302-MLT_4.jpg?v=1660389438, https://cdn.shopify.com/s/files/1/0572/7263/1447/products/MTT0302-MLT_5.jpg?v=1660389439",https://beoneshopone.com/products/mtt0302-mlt
Splatter Tee White,"Rs.1,095",MTT0308-SML-WHT,"Crew neck tee shirt in jersey, featuring short sleeves and print in front",White,"S,M,L,XL",Men,T-Shirt,"https://cdn.shopify.com/s/files/1/0572/7263/1447/products/MTT0308-WHT_3.jpg?v=1660389667, https://cdn.shopify.com/s/files/1/0572/7263/1447/products/MTT0308-WHT_1.jpg?v=1660389667, https://cdn.shopify.com/s/files/1/0572/7263/1447/products/MTT0308-WHT_2.jpg?v=1660389667, https://cdn.shopify.com/s/files/1/0572/7263/1447/products/MTT0308-WHT_4.jpg?v=1660389662, https://cdn.shopify.com/s/files/1/0572/7263/1447/products/MTT0308-WHT_5.jpg?v=1660389662",https://beoneshopone.com/products/mtt0308-wht
Hooded Tee Blue,"Rs.1,195",MTT0269-SML-BLU,"Cotton Jersey tee shirt, featuring hood and printed pocket",Blue,"S,M,L,XL",Men,T-Shirt,"https://cdn.shopify.com/s/files/1/0572/7263/1447/products/MTT0269-BLU_6.jpg?v=1659519000, https://cdn.shopify.com/s/files/1/0572/7263/1447/products/MTT0269-BLU_7.jpg?v=1659519000, https://cdn.shopify.com/s/files/1/0572/7263/1447/products/MTT0269-BLU_1.jpg?v=1659519000, https://cdn.shopify.com/s/files/1/0572/7263/1447/products/MTT0269-BLU_5.jpg?v=1659519000, https://cdn.shopify.com/s/files/1/0572/7263/1447/products/MTT0269-BLU_8_e48cc5d0-7fd6-4ab3-b75d-ab672df57cb6.jpg?v=1659520817",https://beoneshopone.com/products/mtt0269-blu
Textured Tee Grey,Rs.995,MTT0295-SML-GRY,"Basic crew neck tee shirt in textured fabrication, featuring short sleeves",Grey,"S,M,L,XL",Men,T-Shirt,"https://cdn.shopify.com/s/files/1/0572/7263/1447/products/MTT0295-GRY_4.jpg?v=1662546327, https://cdn.shopify.com/s/files/1/0572/7263/1447/products/MTT0295-GRY_3.jpg?v=1662546327, https://cdn.shopify.com/s/files/1/0572/7263/1447/products/MTT0295-GRY_2.jpg?v=1662546327, https://cdn.shopify.com/s/files/1/0572/7263/1447/products/MTT0295-GRY_5.jpg?v=1662546327, https://cdn.shopify.com/s/files/1/0572/7263/1447/products/MTT0295-GRY_1.jpg?v=1662546327",https://beoneshopone.com/products/mtt0295-gry
Graphic Tee Black,Rs.995,MTT0305-SML-BLK,"Crew neck tee shirt in jersey, featuring short sleeves and print in front",Black,"S,M,L,XL",Men,T-Shirt,"https://cdn.shopify.com/s/files/1/0572/7263/1447/products/MTT0305-BLK_3.jpg?v=1660389524, https://cdn.shopify.com/s/files/1/0572/7263/1447/products/MTT0305-BLK_1.jpg?v=1660389524, https://cdn.shopify.com/s/files/1/0572/7263/1447/products/MTT0305-BLK_2.jpg?v=1660389524, https://cdn.shopify.com/s/files/1/0572/7263/1447/products/MTT0305-BLK_4.jpg?v=1660389522, https://cdn.shopify.com/s/files/1/0572/7263/1447/products/MTT0305-BLK_5.jpg?v=1660389521",https://beoneshopone.com/products/mtt0305-blk
Textured Tee Maroon,Rs.995,MTT0294-SML-MAR,"Basic crew neck tee shirt in textured fabrication, featuring short sleeves",Maroon,"S,M,L,XL",Men,T-Shirt,"https://cdn.shopify.com/s/files/1/0572/7263/1447/products/MTT0294-MAR_2.jpg?v=1660389020, https://cdn.shopify.com/s/files/1/0572/7263/1447/products/MTT0294-MAR_1.jpg?v=1660389020, https://cdn.shopify.com/s/files/1/0572/7263/1447/products/MTT0294-MAR_3.jpg?v=1660389018, https://cdn.shopify.com/s/files/1/0572/7263/1447/products/MTT0294-MAR_4.jpg?v=1660389018, https://cdn.shopify.com/s/files/1/0572/7263/1447/products/MTT0294-MAR_5.jpg?v=1660389018",https://beoneshopone.com/products/mtt0294-mar
Hooded Tee Grey,"Rs.1,495",MTT0298-SML-GRY,"Raglan sleeve tee shirt, featuring front buttoned placket and hood",Grey,"S,M,L,XL",Men,T-Shirt,"https://cdn.shopify.com/s/files/1/0572/7263/1447/products/MTT0298-GRY_3.jpg?v=1660389099, https://cdn.shopify.com/s/files/1/0572/7263/1447/products/MTT0298-GRY_1.jpg?v=1660389099, https://cdn.shopify.com/s/files/1/0572/7263/1447/products/MTT0298-GRY_2.jpg?v=1660389099, https://cdn.shopify.com/s/files/1/0572/7263/1447/products/MTT0298-GRY_4.jpg?v=1660389095, https://cdn.shopify.com/s/files/1/0572/7263/1447/products/MTT0298-GRY_5.jpg?v=1660389095",https://beoneshopone.com/products/mtt0298-gry
Graphic Tee Blue/Brown,"Rs.1,393",MTT0268-SML-BBR,"Cotton Jersey tee shirt, featuring crew neck, pannels and print in front",Brown,"S,M,L,XL",Men,T-Shirt,"https://cdn.shopify.com/s/files/1/0572/7263/1447/products/MTT0268-BBR_2.jpg?v=1662546129, https://cdn.shopify.com/s/files/1/0572/7263/1447/products/MTT0268-BBR_1.jpg?v=1662546129, https://cdn.shopify.com/s/files/1/0572/7263/1447/products/MTT0268-BBR_3.jpg?v=1662546127",https://beoneshopone.com/products/mtt0268-bbr
Graphic Tee Black,"Rs.1,095",MTT0277-SML-BLK,"Cotton Jersey tee shirt, featuring crew neck and print in front",Black,"S,M,L,XL",Men,T-Shirt,"https://cdn.shopify.com/s/files/1/0572/7263/1447/products/MTT0277-BLK_2.jpg?v=1653032154, https://cdn.shopify.com/s/files/1/0572/7263/1447/products/MTT0277-BLK_1.jpg?v=1653032154, https://cdn.shopify.com/s/files/1/0572/7263/1447/products/MTT0277-BLK_3.jpg?v=1653032153, https://cdn.shopify.com/s/files/1/0572/7263/1447/products/MTT0277-BLK_4.jpg?v=1653032152",https://beoneshopone.com/products/mtt0277-blk
Graphic Tee Black,"Rs.1,095",MTT0303-SML-BLK,"Crew neck tee shirt in jersey, featuring short sleeves and print in front",Black,"S,M,L,XL",Men,T-Shirt,"https://cdn.shopify.com/s/files/1/0572/7263/1447/products/MTT0303-BLK_3.jpg?v=1661230501, https://cdn.shopify.com/s/files/1/0572/7263/1447/products/MTT0303-BLK_1.jpg?v=1661230501, https://cdn.shopify.com/s/files/1/0572/7263/1447/products/MTT0303-BLK_2.jpg?v=1661230501, https://cdn.shopify.com/s/files/1/0572/7263/1447/products/MTT0303-BLK_4.jpg?v=1661230499, https://cdn.shopify.com/s/files/1/0572/7263/1447/products/MTT0303-BLK_5.jpg?v=1661230499",https://beoneshopone.com/products/mtt0303-blk
Textured Tee Green,"Rs.1,393",MTT0296-SML-GRN,"Basic crew neck tee shirt in textured fabrication, featuring short sleeves and neck tipping",Green,"S,M,L,XL",Men,T-Shirt,"https://cdn.shopify.com/s/files/1/0572/7263/1447/products/MTT0296-GRN_4.jpg?v=1662546510, https://cdn.shopify.com/s/files/1/0572/7263/1447/products/MTT0296-GRN_2.jpg?v=1662546510, https://cdn.shopify.com/s/files/1/0572/7263/1447/products/MTT0296-GRN_5.jpg?v=1662546510, https://cdn.shopify.com/s/files/1/0572/7263/1447/products/MTT0296-GRN_3.jpg?v=1662546510, https://cdn.shopify.com/s/files/1/0572/7263/1447/products/MTT0296-GRN_1.jpg?v=1662546510",https://beoneshopone.com/products/mtt0296-grn
Graphic Tee Navy,"Rs.1,095",MTT0300-SML-NVY,"Crew neck tee shirt in jersey, featuring short sleeves and print in front",Navy,"S,M,L,XL",Men,T-Shirt,"https://cdn.shopify.com/s/files/1/0572/7263/1447/products/MTT0300-NVY_2.jpg?v=1660389166, https://cdn.shopify.com/s/files/1/0572/7263/1447/products/MTT0300-NVY_5.jpg?v=1660389166, https://cdn.shopify.com/s/files/1/0572/7263/1447/products/MTT0300-NVY_1.jpg?v=1660389166, https://cdn.shopify.com/s/files/1/0572/7263/1447/products/MTT0300-NVY_4.jpg?v=1660389166, https://cdn.shopify.com/s/files/1/0572/7263/1447/products/MTT0300-NVY_3.jpg?v=1660389166",https://beoneshopone.com/products/mtt0300-nvy
Cowl Tee Black,"Rs.1,953",MTT0299-SML-BLK,"Long sleeve tee shirt, featuring cowl neck",Black,"S,M,L,XL",Men,T-Shirt,"https://cdn.shopify.com/s/files/1/0572/7263/1447/products/MTT0299-BLK_4.jpg?v=1662546231, https://cdn.shopify.com/s/files/1/0572/7263/1447/products/MTT0299-BLK_1.jpg?v=1662546231, https://cdn.shopify.com/s/files/1/0572/7263/1447/products/MTT0299-BLK_2.jpg?v=1662546231, https://cdn.shopify.com/s/files/1/0572/7263/1447/products/MTT0299-BLK_5.jpg?v=1662546231, https://cdn.shopify.com/s/files/1/0572/7263/1447/products/MTT0299-BLK_3.jpg?v=1662546231",https://beoneshopone.com/products/mtt0299-blk
Baisc High Neck Grey,"Rs.1,673",MTT0291-SML-GRY,"Basic high neck tee shirt, featuring long sleeves",Grey,"S,M,L,XL",Men,T-Shirt,"https://cdn.shopify.com/s/files/1/0572/7263/1447/products/MTT0291-GRY_7.jpg?v=1662722900, https://cdn.shopify.com/s/files/1/0572/7263/1447/products/MTT0291-GRY_1.jpg?v=1662722900, https://cdn.shopify.com/s/files/1/0572/7263/1447/products/MTT0291-GRY_6.jpg?v=1662722900, https://cdn.shopify.com/s/files/1/0572/7263/1447/products/MTT0291-GRY_5.jpg?v=1662722900, https://cdn.shopify.com/s/files/1/0572/7263/1447/products/MTT0291-GRY_8.jpg?v=1662722894",https://beoneshopone.com/products/mtt0291-gry
Pocket Tee Black,"Rs.1,095",MTT0314-SML-BLK,"Crew neck tee shirt in jersey fabrication, featuring mesh pocket, raw hem and long sleeves",Black,"S,M,L,XL",Men,T-Shirt,"https://cdn.shopify.com/s/files/1/0572/7263/1447/products/MTT0314-BLK_3.jpg?v=1660389951, https://cdn.shopify.com/s/files/1/0572/7263/1447/products/MTT0314-BLK_1.jpg?v=1660389951, https://cdn.shopify.com/s/files/1/0572/7263/1447/products/MTT0314-BLK_2.jpg?v=1660389951, https://cdn.shopify.com/s/files/1/0572/7263/1447/products/MTT0314-BLK_4.jpg?v=1660389949, https://cdn.shopify.com/s/files/1/0572/7263/1447/products/MTT0314-BLK_5.jpg?v=1660389948",https://beoneshopone.com/products/mtt0314-blk
Crew Neck Brown,Rs.795,MTT0287-SML-GRY,"Basic crew neck tee shirt, featuring short sleeves",Brown,"S,M,L,XL",Men,T-Shirt,"https://cdn.shopify.com/s/files/1/0572/7263/1447/products/MTT0287-GRY_2.jpg?v=1660389384, https://cdn.shopify.com/s/files/1/0572/7263/1447/products/MTT0287-GRY_5.jpg?v=1660389384, https://cdn.shopify.com/s/files/1/0572/7263/1447/products/MTT0287-GRY_1.jpg?v=1660389384, https://cdn.shopify.com/s/files/1/0572/7263/1447/products/MTT0287-GRY_3.jpg?v=1660389384, https://cdn.shopify.com/s/files/1/0572/7263/1447/products/MTT0287-GRY_4.jpg?v=1660389384",https://beoneshopone.com/products/mtt0287-gry
Baseball Tee Maroon,"Rs.2,583",MTT0312-SML-MAR,"Baseball style tee shirt , featuring crew neck, striped fabrication and double sleeves",Maroon,"S,M,L,XL",Men,T-Shirt,"https://cdn.shopify.com/s/files/1/0572/7263/1447/products/MTT0312-MAR_5.jpg?v=1664275738, https://cdn.shopify.com/s/files/1/0572/7263/1447/products/MTT0312-MAR_1.jpg?v=1664275738, https://cdn.shopify.com/s/files/1/0572/7263/1447/products/MTT0312-MAR_2.jpg?v=1664275738, https://cdn.shopify.com/s/files/1/0572/7263/1447/products/MTT0312-MAR_3.jpg?v=1664275738, https://cdn.shopify.com/s/files/1/0572/7263/1447/products/MTT0312-MAR_4.jpg?v=1664275738",https://beoneshopone.com/products/mtt0312-mar
Crew Neck Black,Rs.795,MTT0285-SML-BLK,"Basic crew neck tee shirt, featuring short sleeves",Black,"S,M,L",Men,T-Shirt,"https://cdn.shopify.com/s/files/1/0572/7263/1447/products/MTT0285-BLK_3.jpg?v=1660388466, https://cdn.shopify.com/s/files/1/0572/7263/1447/products/MTT0285-BLK_1.jpg?v=1660388466, https://cdn.shopify.com/s/files/1/0572/7263/1447/products/MTT0285-BLK_4.jpg?v=1660388466, https://cdn.shopify.com/s/files/1/0572/7263/1447/products/MTT0285-BLK_5.jpg?v=1660388466, https://cdn.shopify.com/s/files/1/0572/7263/1447/products/MTT0285-BLK_2.jpg?v=1660388466",https://beoneshopone.com/products/mtt0285-blk
Washed Tee Black,"Rs.1,953",MTT0315-SML-BLK,"Crew neck tee shirt in jersey fabrication, featuring an over all wash effect and long sleeves",Black,"S,M,L,XL",Men,T-Shirt,"https://cdn.shopify.com/s/files/1/0572/7263/1447/products/MTT0315-BLK_4.jpg?v=1662723022, https://cdn.shopify.com/s/files/1/0572/7263/1447/products/MTT0315-BLK_1.jpg?v=1662723022, https://cdn.shopify.com/s/files/1/0572/7263/1447/products/MTT0315-BLK_3.jpg?v=1662723022, https://cdn.shopify.com/s/files/1/0572/7263/1447/products/MTT0315-BLK_5.jpg?v=1662723022, https://cdn.shopify.com/s/files/1/0572/7263/1447/products/MTT0315-BLK_2.jpg?v=1662723022",https://beoneshopone.com/products/mtt0315-blk
Basic Raglan Black,"Rs.1,533",MTT0289-SML-BLK,"Basic raglan sleeve tee shirt, featuring crew neck",Black,"S,M,L,XL",Men,T-Shirt,"https://cdn.shopify.com/s/files/1/0572/7263/1447/products/MTT0289-BLK_3.jpg?v=1662546583, https://cdn.shopify.com/s/files/1/0572/7263/1447/products/MTT0289-BLK_1.jpg?v=1662546583, https://cdn.shopify.com/s/files/1/0572/7263/1447/products/MTT0289-BLK_2.jpg?v=1662546583, https://cdn.shopify.com/s/files/1/0572/7263/1447/products/MTT0289-BLK_4.jpg?v=1662546580, https://cdn.shopify.com/s/files/1/0572/7263/1447/products/MTT0289-BLK_5.jpg?v=1662546580",https://beoneshopone.com/products/mtt0289-blk
Marvel Tee White,"Rs.1,673",MTT0313-SML-WHT,"Crew neck tee shirt in jersey fabrication, featuring an over all print and long sleeves",White,"S,M,L,XL",Men,T-Shirt,"https://cdn.shopify.com/s/files/1/0572/7263/1447/products/MTT0313-WHT_2.jpg?v=1660389773, https://cdn.shopify.com/s/files/1/0572/7263/1447/products/MTT0313-WHT_1.jpg?v=1660389773, https://cdn.shopify.com/s/files/1/0572/7263/1447/products/MTT0313-WHT_5.jpg?v=1660389773, https://cdn.shopify.com/s/files/1/0572/7263/1447/products/MTT0313-WHT_4.jpg?v=1660389773",https://beoneshopone.com/products/mtt0313-wht
Graphic Tee White,"Rs.1,813",MTT0301-SML-WHT,"Crew neck tee shirt in jersey, featuring short sleeves and print in front",White,"S,M,L,XL",Men,T-Shirt,"https://cdn.shopify.com/s/files/1/0572/7263/1447/products/MTT0301-WHT_4.jpg?v=1664275685, https://cdn.shopify.com/s/files/1/0572/7263/1447/products/MTT0301-WHT_1.jpg?v=1664275685, https://cdn.shopify.com/s/files/1/0572/7263/1447/products/MTT0301-WHT_3.jpg?v=1664275685, https://cdn.shopify.com/s/files/1/0572/7263/1447/products/MTT0301-WHT_2.jpg?v=1664275685, https://cdn.shopify.com/s/files/1/0572/7263/1447/products/MTT0301-WHT_5.jpg?v=1664275680",https://beoneshopone.com/products/mtt0301-wht
Graphic Tee Black,"Rs.1,533",MTT0306-SML-BLK,"Crew neck tee shirt in jersey, featuring short sleeves and print in front",Black,"S,M,L,XL",Men,T-Shirt,"https://cdn.shopify.com/s/files/1/0572/7263/1447/products/MTT0306-BLK_3.jpg?v=1660389606, https://cdn.shopify.com/s/files/1/0572/7263/1447/products/MTT0306-BLK_1.jpg?v=1660389606, https://cdn.shopify.com/s/files/1/0572/7263/1447/products/MTT0306-BLK_4.jpg?v=1660389606, https://cdn.shopify.com/s/files/1/0572/7263/1447/products/MTT0306-BLK_2.jpg?v=1660389592, https://cdn.shopify.com/s/files/1/0572/7263/1447/products/MTT0306-BLK_5.jpg?v=1660389588",https://beoneshopone.com/products/mtt0306-blk
Crew Neck White,"Rs.1,113",MTT0316-SML-WHT,"Basic crew neck tee shirt, featuring short sleeves",White,"S,M,L,XL",Men,T-Shirt,"https://cdn.shopify.com/s/files/1/0572/7263/1447/products/MTT0316-WHT_3.jpg?v=1660390028, https://cdn.shopify.com/s/files/1/0572/7263/1447/products/MTT0316-WHT_1.jpg?v=1660390028, https://cdn.shopify.com/s/files/1/0572/7263/1447/products/MTT0316-WHT_5.jpg?v=1660390028, https://cdn.shopify.com/s/files/1/0572/7263/1447/products/MTT0316-WHT_2.jpg?v=1660390028, https://cdn.shopify.com/s/files/1/0572/7263/1447/products/MTT0316-WHT_4.jpg?v=1660390028",https://beoneshopone.com/products/mtt0316-wht
Basic High Neck Navy,"Rs.1,195",MTT0293-SML-NVY,"Basic high neck tee shirt, featuring long sleeves",Navy,"S,M,L,XL",Men,T-Shirt,"https://cdn.shopify.com/s/files/1/0572/7263/1447/products/MTT0293-NVY_2.jpg?v=1661230416, https://cdn.shopify.com/s/files/1/0572/7263/1447/products/MTT0293-NVY_1.jpg?v=1661230416, https://cdn.shopify.com/s/files/1/0572/7263/1447/products/MTT0293-NVY_4.jpg?v=1661230416, https://cdn.shopify.com/s/files/1/0572/7263/1447/products/MTT0293-NVY_3.jpg?v=1661230416, https://cdn.shopify.com/s/files/1/0572/7263/1447/products/MTT0293-NVY_5.jpg?v=1661230338",https://beoneshopone.com/products/mtt0293-nvy
Baisc High Neck Black,"Rs.1,673",MTT0292-SML-BLK,"Basic high neck tee shirt, featuring long sleeves",Black,"S,L",Men,T-Shirt,"https://cdn.shopify.com/s/files/1/0572/7263/1447/products/MTT0292-BLK_2.jpg?v=1660388967, https://cdn.shopify.com/s/files/1/0572/7263/1447/products/MTT0292-BLK_5.jpg?v=1660388967, https://cdn.shopify.com/s/files/1/0572/7263/1447/products/MTT0292-BLK_1.jpg?v=1660388967, https://cdn.shopify.com/s/files/1/0572/7263/1447/products/MTT0292-BLK_4.jpg?v=1660388967, https://cdn.shopify.com/s/files/1/0572/7263/1447/products/MTT0292-BLK_3.jpg?v=1660388967",https://beoneshopone.com/products/mtt0292-blk
